TransactionAmount,TransactionType,Location,Channel,CustomerAge,CustomerOccupation,TransactionDuration,LoginAttempts,AccountBalance,PreviousTransactionDate,TransactionAmount_Binned,CustomerAge_Binned,Target
-1.0513507514268516,1,36,0,1.4204622458580292,0,-0.5440196682231627,-0.10527437459868337,0.0005763083394964923,105,0,1,3
0.39509763097239164,1,15,0,1.3078337941465337,0,0.31514939366951483,-0.10527437459868337,2.2268168156940633,192,2,1,0
-0.6032173577910787,1,23,2,-1.4515632727851073,3,-0.9020067773451117,-0.10527437459868337,-1.0266812524263094,41,1,2,1
-0.37072319697522915,1,33,2,-1.057363691794873,3,-1.3459107926563285,-0.10527437459868337,0.8906013465446654,163,1,2,3
-1.053906949037608,0,1,2,-1.057363691794873,3,1.1313600024675585,-0.10527437459868337,0.5971764264466273,16,0,2,1
-0.739574524089878,1,28,0,-1.5078774986408552,3,0.7590534089807316,-0.10527437459868337,-1.1143925588947283,13,1,2,1
-1.0793491033821703,0,39,0,-0.4379072073816474,0,0.2865104249397589,-0.10527437459868337,2.1129648776885595,226,0,0,0
-0.422965485645068,0,16,1,1.2515195682907858,2,2.4630720484012087,-0.10527437459868337,-0.595709699943196,271,1,1,2
-0.683338176653232,0,11,1,0.35049195459882143,1,-0.4724222463987729,-0.10527437459868337,1.0260496223156637,290,1,0,2
2.1513651519128727,1,26,0,0.5757488580218125,0,0.014440222007077688,-0.10527437459868337,-1.0525489688700291,9,3,1,1
-1.0366126745773327,0,0,2,0.40680618045456923,1,-0.8590483242504778,-0.10527437459868337,0.6409767242609565,22,0,0,1
-0.34867599258245313,1,22,2,-1.3389348210736118,3,0.7733728933456095,-0.10527437459868337,-0.9220311874744389,49,1,2,1
0.8675149019103522,0,23,1,-1.1699921435063685,3,-0.11443513727682394,-0.10527437459868337,-0.8985476160916211,135,3,2,3
2.0147683420880647,1,22,0,-1.057363691794873,3,0.057398675101711566,-0.10527437459868337,-1.2668104891974834,43,3,2,1
-0.4406591659820239,1,21,2,-1.5078774986408552,3,0.21491300311536912,-0.10527437459868337,-1.238427319487563,226,1,2,0
0.7514076135592657,1,10,0,-0.4942214332373952,1,0.14331558129097932,-0.10527437459868337,-0.4233869905196688,355,3,0,2
1.1122708231403,0,2,1,-1.4515632727851073,3,0.5585806278724401,-0.10527437459868337,-1.0243872208396312,72,3,2,1
0.8611643484711288,1,8,2,-0.32527875567015185,1,1.646861439603165,-0.10527437459868337,-4.17895538115595e-07,327,3,0,2
-1.0330180216872062,0,0,1,0.8010057614448036,2,-0.18603255910121375,-0.10527437459868337,0.730794111355529,337,0,1,2
-0.8221317187997838,0,8,2,-1.5078774986408552,3,0.7160949558860976,-0.10527437459868337,0.3755461985983287,177,0,2,0
-0.8706994734041599,1,20,1,1.476776471713777,2,-1.1597574959129149,-0.10527437459868337,0.16501537610375516,181,0,1,0
-0.7650566190221083,1,19,1,-0.38159298152589965,0,-0.3721858558446272,-0.10527437459868337,1.0391933161989315,110,1,0,3
-0.8991371718238275,1,1,2,-0.32527875567015185,1,0.014440222007077688,-0.10527437459868337,0.9950995059257008,38,0,0,1
-0.5263317265300393,1,33,2,-1.3389348210736118,3,-0.32922740274999335,-0.10527437459868337,-0.8184908055908718,46,1,2,1
-1.0777115392877792,0,15,2,1.1388911165792903,2,2.2482797829280394,-0.10527437459868337,-0.37984158510385957,201,0,1,0
-0.9465865899734975,1,25,1,-0.4379072073816474,1,-0.3435468871148713,-0.10527437459868337,-0.623958986777126,335,0,0,2
-0.5985842496215824,1,19,2,-0.043707626391412985,0,1.1170405181026806,-0.10527437459868337,-0.8594023228886434,298,1,0,2
-0.8832807585196026,1,11,1,-1.0010494659391251,3,2.348516173482185,-0.10527437459868337,-0.9676337547732513,127,0,2,3
-0.9945552357628524,0,24,2,0.8010057614448036,0,-1.4175082144807183,-0.10527437459868337,0.8302021467782449,174,0,1,0
-0.8714982851575213,1,3,0,-0.8884210142276296,0,1.976209579995358,-0.10527437459868337,1.2136143822365353,35,0,2,1
2.3983976866399,1,20,2,-1.282620595217864,3,0.4440247529534165,-0.10527437459868337,-1.2129200569407397,87,3,2,3
-0.08810359863594869,0,37,1,0.012606599464334787,0,-0.9879236835343794,-0.10527437459868337,2.4989492091682775,267,2,0,2
-0.6093282677042939,1,39,1,0.23786350288732588,1,-1.0595211053587692,-0.10527437459868337,0.16857614567095577,0,1,0,1
-0.7955712280005156,1,25,1,-1.057363691794873,3,0.37242733112902665,-0.10527437459868337,-1.0837720003533569,354,0,2,2
1.485635436661441,1,38,0,1.702033375136768,2,0.257871456210003,-0.10527437459868337,-0.06027603346873702,291,3,1,2
2.068887838378303,1,23,0,1.195205342435038,0,-0.4151443089392611,9.498987800327424,0.7221715392076224,293,3,1,2
0.23289890445234945,1,28,2,0.5757488580218125,2,1.3891107210353617,-0.10527437459868337,-1.0531900618723669,69,2,1,1
0.20430144368200973,1,35,0,1.0262626648677948,2,0.00012073764219972925,-0.10527437459868337,-0.20244934908755016,68,2,1,1
-0.9717491602043831,1,30,2,-0.38159298152589965,0,-1.4318276988455962,-0.10527437459868337,2.3441110884149303,321,0,0,2
-0.14338137196856093,0,5,2,0.6883773097333081,0,-0.042837715452434144,-0.10527437459868337,2.1233433752484916,160,2,1,3
-0.8866757084713889,1,40,0,-1.4515632727851073,3,-0.02851823108755619,-0.10527437459868337,-1.253396454891543,100,0,2,3
0.10780498387594663,1,21,1,-1.0010494659391251,3,-1.2313549177373047,-0.10527437459868337,-1.0920109465681378,210,2,2,0
0.630866919977023,1,6,1,1.6457191492810201,2,-0.4151443089392611,-0.10527437459868337,-0.11243371234968444,288,3,1,2
-0.45064431289904205,1,3,1,-1.057363691794873,3,-0.6299365744124305,-0.10527437459868337,-0.9270620940068395,250,1,2,0
0.9303015057245622,1,28,2,-1.4515632727851073,3,-0.2003520434660917,-0.10527437459868337,-1.1143874095533444,311,3,2,2
1.396248401460295,1,10,2,-1.057363691794873,3,0.27219094057488097,-0.10527437459868337,-1.2472893360098367,61,3,2,1
-1.0197178059937382,0,34,2,-0.2126503039586563,1,0.8020118620753655,-0.10527437459868337,-0.9719077081221689,8,0,0,1
0.5912059164226271,0,18,2,1.3641480200022813,2,0.028759706371955646,-0.10527437459868337,-0.30958654592800744,44,3,1,1
0.5880905505845176,1,29,2,0.35049195459882143,1,2.076445970549504,-0.10527437459868337,0.019021249177837353,159,3,0,3
-0.7664145990028227,1,41,1,1.2515195682907858,0,0.37242733112902665,-0.10527437459868337,2.521871502340213,22,1,1,1
-0.4306340784773378,1,36,1,-0.9447352400833774,3,0.3294688780343928,-0.10527437459868337,-1.0790680769988552,155,1,2,3
-0.6897286706801237,1,29,0,0.969948439012047,2,-0.4151443089392611,-0.10527437459868337,-0.1627685243806116,258,1,1,0
0.1582898866883901,1,23,1,-1.1136779176506206,3,-0.5153806994934068,-0.10527437459868337,-0.9747552939076526,172,2,2,0
-0.865826721708655,0,8,1,0.6883773097333081,2,-0.9592847148046235,-0.10527437459868337,-0.4055213505870549,214,0,1,0
0.06087479336596152,0,9,1,1.3078337941465337,2,-0.8304093555207219,-0.10527437459868337,-0.12142188773587195,86,2,1,3
0.43615655509517,1,16,1,0.1815492770315781,1,-1.3029523395616944,-0.10527437459868337,0.13404723701894722,46,2,0,1
-0.6600128734550778,1,18,1,-1.2263063693621163,3,-0.9736041991695015,-0.10527437459868337,-1.0761278030684553,313,1,2,2
1.1630752506540882,1,16,0,0.06892082532008256,1,0.4726637216831724,-0.10527437459868337,0.10039629107295148,2,3,0,1
-0.053235465601721384,1,9,1,1.9272902785597592,2,1.5466250490490192,9.498987800327424,-0.24071925425520735,279,2,1,2
0.2888556677753189,1,19,2,0.1815492770315781,1,1.5323055646841413,-0.10527437459868337,0.396923689354993,106,2,0,3
1.2943999029067104,0,30,1,0.6320630838775603,1,-0.21467152783096966,-0.10527437459868337,0.8620817192880631,98,3,1,3
-1.0845813203666879,1,5,2,0.2941777287430737,0,0.07171815946658952,-0.10527437459868337,2.285830842628124,308,0,0,2
-0.3035031879298632,0,26,1,-0.15633607810290853,1,0.959526190089023,-0.10527437459868337,-0.6500790209486735,317,1,0,2
0.08427997773945202,1,16,1,0.6320630838775603,2,1.5179860803192633,-0.10527437459868337,-0.5394505706497029,229,2,1,0
0.9735172215814163,1,0,1,-1.1136779176506206,3,0.12899609692610137,-0.10527437459868337,-0.8132230293547963,346,3,2,2
-0.639203827280012,0,2,2,0.8573199873005514,1,-1.47478615194023,-0.10527437459868337,-0.3718343592513694,48,1,1,1
-0.3522706454725797,0,16,1,-0.7194783366603863,1,-0.2289910121958476,-0.10527437459868337,-1.0641015162655674,139,1,2,3
-0.5742204911440582,1,1,0,-0.043707626391412985,1,1.4463886584948735,-0.10527437459868337,-0.3253589785879286,235,1,0,0
-0.5356378834567002,1,9,2,-0.550535659093143,1,0.22923248748024708,-0.10527437459868337,0.325656804597138,183,1,2,0
-1.00869420379735,1,4,0,0.969948439012047,2,-0.9163262617099897,-0.10527437459868337,0.19465498511142948,351,0,1,2
-0.17333681271961526,0,17,2,-1.057363691794873,3,2.3055577203875512,-0.10527437459868337,0.367572443464836,142,2,2,3
-0.18052611849986824,1,29,0,-0.4379072073816474,1,-0.9736041991695015,-0.10527437459868337,0.4067718047523483,174,2,0,0
-0.4580732622053036,1,18,2,-1.282620595217864,3,-0.08579616854706802,-0.10527437459868337,-1.1523715262741763,119,1,2,3
-0.7420508405252986,1,25,1,-0.043707626391412985,0,-0.7158534806016982,-0.10527437459868337,2.4629501635510684,312,1,0,2
-0.6271817103919222,1,24,1,-1.4515632727851073,3,-0.6012976056826745,-0.10527437459868337,-0.9648788571326838,27,1,2,1
-0.4116622993350034,1,39,2,0.2941777287430737,0,-0.7444924493314541,-0.10527437459868337,1.395051425910164,246,1,0,0
-0.37387850340100687,1,10,0,-0.38159298152589965,1,-0.24331049656072556,-0.10527437459868337,-1.1733937124753282,208,1,0,0
0.2718809180163881,0,31,2,0.7446915355890559,1,-0.5583391525880407,-0.10527437459868337,0.34551781431614437,113,2,1,3
2.577091875866856,1,11,0,1.0262626648677948,2,-0.45810276203389494,-0.10527437459868337,-0.10147591388402571,283,3,1,2
-0.06953122537029487,1,10,2,0.23786350288732588,0,0.7304144402509757,-0.10527437459868337,0.5321556927878532,195,2,0,0
-0.4897062076384169,1,36,2,-0.6068498849488907,0,0.5442611435075622,-0.10527437459868337,-0.9233416948567275,199,1,2,0
-1.0095329561383797,1,23,1,1.0825768907235425,0,-0.7158534806016982,-0.10527437459868337,1.2255325328703546,341,0,1,2
1.1612779242090252,1,42,0,0.1815492770315781,0,-0.057157199817312106,-0.10527437459868337,1.4023815133706268,69,3,0,1
-1.0692441347021477,0,36,2,0.7446915355890559,0,0.8592897995348773,-0.10527437459868337,2.0015331301336476,167,0,1,3
0.46187829355340865,1,18,2,-1.1699921435063685,3,-0.2719494652904815,-0.10527437459868337,-1.111825612214686,135,2,2,3
1.755833512235951,0,25,2,0.8573199873005514,2,-1.2170354333724267,-0.10527437459868337,-0.26929809893772877,109,3,1,3
-0.18635744429940684,1,15,1,-1.3389348210736118,3,0.22923248748024708,-0.10527437459868337,-1.1565218954298722,260,2,2,0
0.6582262225296528,1,20,2,-1.4515632727851073,3,2.0191680330899917,-0.10527437459868337,-0.9614262237345522,118,3,2,3
1.4652257963630562,1,35,0,-0.8884210142276296,1,-0.6728950275070643,-0.10527437459868337,-1.0212306745710933,101,3,2,3
0.9240707740483429,0,23,1,0.35049195459882143,1,0.1146766125612234,-0.10527437459868337,0.6690123134274406,189,3,0,0
2.3217916394925378,0,37,1,-1.0010494659391251,3,0.945206705724145,-0.10527437459868337,-0.8334238956051623,263,3,2,2
-1.0063377091249337,1,21,0,0.6883773097333081,1,-0.5869781213177966,-0.10527437459868337,-1.2638882379619283,281,0,1,2
-0.5180240842950803,1,5,1,1.476776471713777,2,0.20059351875049114,-0.10527437459868337,-0.7709005925177436,59,1,1,1
-0.6482304000929965,1,35,1,-0.4379072073816474,0,0.8020118620753655,-0.10527437459868337,0.6523413206959698,135,1,0,3
0.4235752699797273,1,13,1,-0.8321067883718818,1,-1.3602302770212065,-0.10527437459868337,0.976304409873232,283,2,2,2
-0.7140524885699797,0,12,2,-1.3952490469293595,3,0.6874559871563417,-0.10527437459868337,1.1002748036987635,219,1,2,0
-0.7751615877021305,0,13,1,0.5757488580218125,0,0.6444975340617078,-0.10527437459868337,-1.0115009940255755,268,1,1,2
-0.3241524717542567,1,41,1,-1.0010494659391251,1,0.3867468154939046,-0.10527437459868337,1.1093968619609413,129,1,2,3
-0.5886390432922324,1,19,0,-0.7194783366603863,1,1.661180923968043,-0.10527437459868337,0.732480520658867,12,1,2,1
0.11814959608197728,1,7,2,0.06892082532008256,1,-0.9736041991695015,-0.10527437459868337,1.1091960376469558,264,2,0,2
-0.6483901624436686,1,39,2,0.8010057614448036,2,-0.5583391525880407,-0.10527437459868337,0.2664033332887107,181,1,1,0
1.9142378829275266,1,34,1,-1.0010494659391251,3,-1.4604666675753522,-0.10527437459868337,-1.2073458948923022,316,3,2,2
0.9044200049156512,1,20,2,-1.282620595217864,3,-1.2027159490075487,-0.10527437459868337,-1.2003505146218147,179,3,2,0
-0.5363568140347256,1,35,0,1.0262626648677948,2,0.40106629985878256,-0.10527437459868337,0.7393111220050588,258,1,1,0
3.0670430647911013,1,8,0,0.463120406310317,2,-0.6585755431421864,-0.10527437459868337,-0.8445104276054268,72,3,0,1
-0.12692584984931507,1,27,0,-1.1136779176506206,3,0.8736092838997552,-0.10527437459868337,-1.0620289063584116,243,2,2,0
-0.09165831093840708,0,9,2,0.35049195459882143,1,0.7876923777104875,-0.10527437459868337,0.9627436193378409,33,2,0,1
-0.2538570374584493,0,9,0,1.8709760527040113,2,2.334196689117307,-0.10527437459868337,-0.4071202210868608,193,2,1,0
0.20186506783425726,1,14,2,-0.2689645298144041,1,-0.21467152783096966,-0.10527437459868337,-1.1920240296035016,7,2,0,1
-1.0976418925341473,1,36,2,0.12523505117583034,0,-0.17171307473633576,-0.10527437459868337,1.8113576541309675,210,0,0,0
0.09091011529235192,0,2,2,1.3078337941465337,0,-1.0308821366290133,-0.10527437459868337,2.172192602290066,354,2,1,2
-0.8800455709184888,0,28,0,-0.10002185224716076,1,0.043079190736833604,9.498987800327424,0.14891853493662685,79,0,0,1
0.520551016837807,1,4,2,-1.057363691794873,1,-0.816089871155844,-0.10527437459868337,0.8333355210105537,7,3,2,1
-0.6449952124918826,1,14,1,-0.32527875567015185,1,0.6874559871563417,-0.10527437459868337,0.3530049566888265,219,1,0,0
-0.8936653113133015,1,15,0,1.3641480200022813,2,0.028759706371955646,-0.10527437459868337,-0.8904863221545966,140,0,1,3
-0.8546433571615947,0,11,2,0.06892082532008256,0,0.6588170184265858,-0.10527437459868337,1.561529632862581,230,0,0,0
0.16196442075385287,1,11,2,-1.0010494659391251,3,-0.4008248245743831,-0.10527437459868337,-1.2781879589859573,308,2,2,2
0.21700255056045656,1,32,2,-0.2126503039586563,1,-0.8304093555207219,-0.10527437459868337,-0.2413500485747767,276,2,0,2
-1.087496983266457,1,42,0,0.6320630838775603,2,-1.116799042818281,-0.10527437459868337,0.11544524126838719,264,0,1,2
-0.2507416716203396,0,11,2,1.4204622458580292,0,1.8330147363465785,-0.10527437459868337,1.5555023287723304,332,2,1,2
1.2840552907006795,1,30,1,0.6883773097333081,0,0.5585806278724401,-0.10527437459868337,-0.9511996317454555,230,3,1,0
2.252494719888432,1,40,2,-1.057363691794873,3,-0.5583391525880407,-0.10527437459868337,-1.0314984612912639,215,3,2,0
-0.9552536974974691,1,23,2,-1.057363691794873,3,-0.1573935903714578,-0.10527437459868337,-1.2374618179780184,79,0,2,1
3.0328539217472312,1,35,1,0.7446915355890559,0,0.3581078467641487,-0.10527437459868337,0.11112236917631935,181,3,1,0
-0.6094880300549661,1,28,1,-0.6631641108046386,1,-0.2003520434660917,-0.10527437459868337,0.30891629575698015,62,1,2,1
0.10037603456968511,0,35,1,1.8709760527040113,2,-1.131118527183159,-0.10527437459868337,0.006086103620631136,331,2,1,2
-0.2767030536045867,1,21,2,0.12523505117583034,1,2.2053213298334056,-0.10527437459868337,1.0903751948875657,142,2,0,3
-1.0845813203666879,0,20,1,-1.2263063693621163,3,1.9332511269007242,-0.10527437459868337,-1.0278089581894574,269,0,2,2
0.4154273900954404,1,0,0,0.6320630838775603,0,-0.6299365744124305,-0.10527437459868337,1.7315634600408143,189,2,1,0
-1.0430830497795605,1,25,0,0.2941777287430737,0,0.07171815946658952,-0.10527437459868337,2.3921776155661005,335,0,0,2
0.8338050459184991,1,28,2,-1.5078774986408552,3,-0.7301729649665761,-0.10527437459868337,-0.8654193282961256,40,3,2,1
0.23593438911512293,1,35,1,-1.3389348210736118,3,-1.4461471832104742,-0.10527437459868337,-1.0580639134925482,214,2,2,0
2.8761669963253826,1,39,2,1.3641480200022813,0,-0.01419874672267823,-0.10527437459868337,0.43771419713023496,122,3,1,3
-0.17074067452119054,1,6,2,-1.2263063693621163,3,0.014440222007077688,-0.10527437459868337,-1.247683260625731,144,2,2,3
-1.083662686850322,1,6,2,-0.8321067883718818,0,1.8186952519817006,-0.10527437459868337,0.08568204806749127,200,0,2,0
3.0858151409950954,1,11,0,1.9836045044155068,2,-1.4031887301158403,-0.10527437459868337,-0.7909701505628115,251,3,1,0
-0.2004165311585684,1,5,0,-1.5078774986408552,3,2.5060305014958426,-0.10527437459868337,-1.227611127909971,310,2,2,2
-0.17405574329764048,0,28,2,1.195205342435038,2,-1.4604666675753522,-0.10527437459868337,-1.041037616205565,293,2,1,2
-0.656218517626611,0,17,1,1.3641480200022813,2,0.6731365027914638,-0.10527437459868337,0.2492251304308924,58,1,1,1
-0.9244994449930535,1,20,0,-1.3952490469293595,3,-0.38650534020950517,-0.10527437459868337,-0.8884729296733593,61,0,2,1
2.7801498235713367,1,34,1,1.8146618268482635,2,2.5346694702255985,-0.10527437459868337,-0.7898450194703555,320,3,1,2
0.551904378157244,1,22,0,1.195205342435038,0,0.31514939366951483,-0.10527437459868337,1.2882849816493718,240,3,1,0
-0.04616598158447263,1,30,2,0.5194346321660648,2,-0.38650534020950517,-0.10527437459868337,-0.1709070584383998,354,2,1,2
-0.8304393610347428,1,41,2,1.9836045044155068,2,-0.08579616854706802,-0.10527437459868337,0.34572636264220613,161,0,1,3
0.22211494578196994,0,0,1,-0.550535659093143,1,2.4917110171309647,-0.10527437459868337,-0.5977797351796597,111,2,2,3
-0.03761869582350519,1,35,2,-1.3952490469293595,3,0.587219596602196,-0.10527437459868337,-1.162157849574921,131,2,2,3
0.8735459306482312,1,37,1,0.9136342131562992,0,2.090765454914382,-0.10527437459868337,2.0068755718197946,198,3,1,0
0.3951775121477277,1,40,0,-0.4379072073816474,1,1.8043757676168226,-0.10527437459868337,1.017620150469666,215,2,0,0
-0.7760402806308283,0,39,2,-0.4942214332373952,1,0.7447339246158536,-0.10527437459868337,1.004015590532509,277,1,0,2
-0.735141118858722,0,27,2,-1.3952490469293595,3,-0.6728950275070643,-0.10527437459868337,-1.018995860410334,340,1,2,2
2.1010799520387695,0,22,1,1.3078337941465337,0,0.14331558129097932,-0.10527437459868337,1.8173051434297625,137,3,1,3
-0.9647994979501385,1,5,1,-1.2263063693621163,3,0.043079190736833604,-0.10527437459868337,-1.158115616588294,316,0,2,2
-0.9936765428341549,1,42,2,0.969948439012047,0,-0.28626894965535943,-0.10527437459868337,0.9167265300575975,7,0,1,1
-0.5503360197185508,0,21,2,0.463120406310317,0,0.8306508308051214,-0.10527437459868337,1.2844744690250358,68,1,0,1
0.12082561545573821,1,11,1,-0.6631641108046386,0,2.377155142211941,-0.10527437459868337,0.05091884438249994,10,2,2,1
-0.8653873752443062,0,40,1,0.6320630838775603,2,-0.9449652304397456,-0.10527437459868337,-1.046009305312047,179,0,1,0
-0.8086318001679752,1,26,1,1.4204622458580292,0,0.08603764383146749,-0.10527437459868337,0.4664037526525172,76,0,1,1
-0.636447926730915,1,18,1,0.35049195459882143,2,0.257871456210003,-0.10527437459868337,-0.935767055616894,178,1,0,0
-0.18136487084089778,1,22,0,-0.6068498849488907,1,0.6588170184265858,-0.10527437459868337,-1.286617430831955,351,2,2,2
-0.6035368824924234,1,3,1,1.702033375136768,2,2.133723908009016,-0.10527437459868337,0.14410132607167211,139,1,1,3
0.9144850330080054,0,6,2,0.463120406310317,2,0.6158585653319519,9.498987800327424,-0.9783804302421562,166,3,0,3
0.107964746226619,1,15,1,-0.775792562516134,1,-1.1883964646426708,-0.10527437459868337,-0.2710797710566752,142,2,2,3
0.018098423973456033,1,11,0,-1.282620595217864,3,-0.14307410600657985,-0.10527437459868337,-0.9073117951275944,75,2,2,1
1.9992713940728526,1,15,1,-0.775792562516134,1,-1.4604666675753522,-0.10527437459868337,0.44170493670301947,172,3,2,0
-0.6316151156230783,1,20,1,0.6320630838775603,2,-0.32922740274999335,-0.10527437459868337,0.104667669751177,71,1,1,1
-0.39991976656059014,1,6,2,1.7583476009925159,2,-1.088160074088525,-0.10527437459868337,0.06007437336367533,7,1,1,1
-0.06565698836649196,1,10,1,-1.282620595217864,3,-1.1883964646426708,-0.10527437459868337,-1.0831437807044797,29,2,2,1
-0.43075390024034205,1,6,2,-1.1699921435063685,3,-1.4318276988455962,-0.10527437459868337,-0.8506226958285175,74,1,2,1
-0.815142115957871,1,32,1,-1.057363691794873,3,-1.503425120669986,-0.10527437459868337,-1.1128323084553045,288,0,2,2
2.0579441173572515,1,3,0,-1.4515632727851073,3,0.6444975340617078,-0.10527437459868337,-1.117304511447515,255,3,2,0
-0.16079546819184046,1,31,2,1.476776471713777,2,-1.0452016209938912,-0.10527437459868337,-1.011125092104526,87,2,1,3
-0.971150051389362,0,30,2,0.5194346321660648,1,-0.9306457460748676,-0.10527437459868337,-1.1285867184203806,6,0,1,1
1.8489749626778962,1,30,2,-0.2126503039586563,0,0.057398675101711566,-0.10527437459868337,2.408431511645448,124,3,0,3
0.7038383736465916,1,0,0,0.7446915355890559,0,-0.5297001838582848,-0.10527437459868337,1.785876138291065,342,3,1,2
0.09246779821140691,1,17,1,1.5894049234252725,2,-0.2719494652904815,-0.10527437459868337,0.7146432021038664,97,2,1,3
-0.664566100449238,0,41,1,-1.4515632727851073,3,1.1743184555621924,-0.10527437459868337,-0.8129835849804293,269,1,2,2
-0.30206532677381265,1,19,0,0.8010057614448036,0,2.5776279233202324,-0.10527437459868337,0.5712031485045307,233,1,1,0
0.4868411608459539,1,32,0,0.8010057614448036,1,-0.14307410600657985,-0.10527437459868337,-0.48907971322908605,118,3,1,3
3.0537029085099654,1,17,2,1.8709760527040113,2,-0.8876872929802337,-0.10527437459868337,0.15865851416491314,21,3,1,1
1.4100678447934483,1,23,0,0.969948439012047,2,-0.9592847148046235,-0.10527437459868337,-0.9645544486254769,351,3,1,2
-1.0639320365422942,0,30,0,0.8573199873005514,1,1.8043757676168226,-0.10527437459868337,-0.9958778922657971,329,0,1,2
-0.2453097516974817,1,20,0,-0.38159298152589965,0,1.661180923968043,-0.10527437459868337,0.7114609091284071,240,2,0,0
-0.20349195640900988,0,21,1,0.23786350288732588,0,0.31514939366951483,-0.10527437459868337,1.217836842171611,213,2,0,0
0.6692897653137088,0,19,1,-0.10002185224716076,0,-0.2576299809256035,-0.10527437459868337,1.34352969069017,326,3,0,2
0.012986028751942644,0,41,2,-1.1136779176506206,3,-1.3602302770212065,-0.10527437459868337,-1.2401497741805907,241,2,2,0
0.8436304304848451,1,17,1,0.40680618045456923,1,0.18627403438561319,-0.10527437459868337,0.6119112668176246,63,3,0,1
-1.0944466455207016,0,20,1,0.2941777287430737,0,0.17195455002073523,-0.10527437459868337,1.615708428236842,228,0,0,0
-0.3112516619374694,1,7,1,1.3641480200022813,2,0.6588170184265858,-0.10527437459868337,0.5547947721836559,163,1,1,3
-1.02630800295897,1,40,1,0.969948439012047,2,-0.6299365744124305,-0.10527437459868337,-0.6044017881997897,291,0,1,2
-0.6537422011911904,1,11,2,0.969948439012047,2,-1.2456744021021826,-0.10527437459868337,0.4029509934452436,92,1,1,3
0.8618832790491542,1,7,1,0.463120406310317,2,1.675500408332921,-0.10527437459868337,0.598100733225098,98,3,0,3
0.12018656605304917,1,20,0,-1.4515632727851073,3,-1.503425120669986,-0.10527437459868337,-1.0435067253993071,205,2,2,0
-1.0629734624382605,1,1,2,-0.10002185224716076,0,0.601539080967074,-0.10527437459868337,0.2180535923614073,237,0,0,0
0.14578848274828346,1,40,1,0.8010057614448036,1,0.45834423731829443,-0.10527437459868337,0.5539708775621779,139,2,1,3
-0.9039300423439961,1,39,1,1.0825768907235425,2,-0.17171307473633576,-0.10527437459868337,-0.04294849971077586,120,0,1,3
-0.5445446345066804,1,22,1,0.8573199873005514,1,-0.2719494652904815,-0.10527437459868337,0.776909038122073,349,1,1,2
0.042821647739992856,1,10,0,1.3078337941465337,2,-0.801770386790966,-0.10527437459868337,-0.8655918312324975,217,2,1,0
2.089816706316373,1,28,0,-0.775792562516134,1,-0.1573935903714578,-0.10527437459868337,1.1715391137859261,26,3,2,1
0.8316482541844233,1,15,0,0.06892082532008256,1,0.34378836239927074,-0.10527437459868337,0.3248045885980468,322,3,0,2
0.973876686870429,1,18,0,0.5194346321660648,0,1.3604717523056058,-0.10527437459868337,1.1154756594650341,68,3,1,1
0.17762113111973732,0,33,0,1.0262626648677948,2,-0.8304093555207219,-0.10527437459868337,0.21864834129128669,218,2,1,0
0.11028130031136714,1,32,0,1.1388911165792903,0,0.5585806278724401,-0.10527437459868337,2.168194138705205,112,2,1,3
0.618125872510908,1,12,0,-0.2689645298144041,0,0.37242733112902665,-0.10527437459868337,1.645381507963514,322,3,0,2
1.6650485564664228,1,25,0,0.9136342131562992,2,-0.6728950275070643,-0.10527437459868337,-0.9579323956053468,60,3,1,1
-0.640881331962071,1,21,0,0.5757488580218125,1,0.7447339246158536,-0.10527437459868337,0.4110689301374951,351,1,1,2
0.4373148321375442,0,11,2,0.6883773097333081,0,0.42970526858853847,-0.10527437459868337,0.5317514694891906,266,2,1,2
-0.8085519189926391,1,1,0,-1.1136779176506206,3,1.1886379399270703,-0.10527437459868337,-1.2073407455509177,83,0,2,1
-0.32575009526097964,1,30,1,1.702033375136768,2,-0.28626894965535943,-0.10527437459868337,0.5699183878291632,205,1,1,0
-0.5696273235622299,1,13,0,0.2941777287430737,0,-0.18603255910121375,-0.10527437459868337,0.8460054754864718,283,1,0,2
2.4480438371113147,0,19,2,-0.6631641108046386,1,0.601539080967074,-0.10527437459868337,0.007970762567262429,69,3,2,1
0.3353065712332871,1,29,0,1.0262626648677948,0,0.8736092838997552,-0.10527437459868337,0.7300732035617357,224,2,1,0
-0.5821686680900046,1,5,1,-0.043707626391412985,0,-1.102479558453403,-0.10527437459868337,0.19659371214259505,49,1,0,1
0.831528432421419,0,25,2,1.7583476009925159,2,-1.1740769802777928,-0.10527437459868337,-0.5240797866177522,99,3,1,3
1.0805979371195187,1,8,0,1.0825768907235425,2,0.17195455002073523,-0.10527437459868337,0.26925606841557853,248,3,1,0
0.7188560346097868,1,41,2,-0.9447352400833774,1,-1.489105636305108,-0.10527437459868337,0.8260363295983967,90,3,2,3
0.9143252706573333,1,6,0,0.7446915355890559,1,-0.7874509024260881,-0.10527437459868337,-1.2564088196013223,316,3,1,2
0.8358420158895707,1,16,1,0.6883773097333081,2,0.00012073764219972925,-0.10527437459868337,-0.6684904910680168,219,3,1,0
-0.45387950050015596,1,36,1,-0.2126503039586563,0,2.4773915327660867,-0.10527437459868337,1.2822061841452785,277,1,0,2
1.2155172422622673,1,4,0,-1.282620595217864,3,0.8163313464402434,-0.10527437459868337,-1.1920163055914255,196,3,2,0
-0.8998960429895209,1,23,0,0.1815492770315781,0,-0.48674173076365085,-0.10527437459868337,-1.0270597290180508,303,0,0,2
1.4095885577414313,1,4,0,-1.3389348210736118,3,-0.816089871155844,-0.10527437459868337,-1.2201780536218232,328,3,2,2
0.9842212990764599,1,28,0,-0.10002185224716076,0,0.5729001122373181,-0.10527437459868337,2.159782689554052,29,3,0,1
-0.23891925767059013,0,10,1,0.06892082532008256,1,-1.2027159490075487,-0.10527437459868337,-0.5284696001478152,35,2,0,1
-0.7422505434636388,1,13,0,0.35049195459882143,0,0.31514939366951483,-0.10527437459868337,2.53162435492196,174,1,0,0
-1.0866582309254276,1,38,0,-0.32527875567015185,0,-1.0022431678992574,-0.10527437459868337,2.3257897317698113,358,0,0,2
-0.8918280442805702,0,25,0,0.6320630838775603,2,0.601539080967074,-0.10527437459868337,0.4187260007758571,73,0,1,1
1.8349158758187347,1,22,1,0.1815492770315781,1,-1.5607030581294978,-0.10527437459868337,-0.46264299456240776,270,3,0,2
0.36582118021169463,1,41,1,0.5194346321660648,0,-1.503425120669986,-0.10527437459868337,-1.1020264155604806,245,2,1,0
-0.975583456620518,0,13,2,0.463120406310317,2,0.7304144402509757,-0.10527437459868337,-0.9189261346197434,20,0,0,1
-0.8420221314584838,0,21,2,-0.7194783366603863,1,0.3581078467641487,-0.10527437459868337,0.440335211894812,103,0,2,3
-0.4003591130249389,1,19,2,-0.550535659093143,0,-0.48674173076365085,-0.10527437459868337,2.1537553854638016,357,1,2,2
1.2430363071655692,1,32,1,-0.7194783366603863,1,0.15763506565585728,-0.10527437459868337,-1.1317020699578448,253,3,2,0
-0.41465784341010886,1,26,0,-1.3389348210736118,3,2.334196689117307,-0.10527437459868337,-0.9791631301325604,328,1,2,2
-0.7947724162471542,0,22,2,0.6320630838775603,1,1.002484643183657,-0.10527437459868337,0.5523591337089113,115,0,1,3
-0.945228609992783,1,21,1,0.8010057614448036,2,0.5299416591426842,-0.10527437459868337,-1.0185736144168265,304,0,1,2
-0.7193246461421653,0,1,1,1.8146618268482635,2,-0.9163262617099897,-0.10527437459868337,0.39592214245575863,293,1,1,2
-0.9715494572660428,1,30,1,-1.282620595217864,3,-0.5440196682231627,-0.10527437459868337,0.9268295378534726,58,0,2,1
0.8576895173440066,1,14,2,-1.2263063693621163,3,-0.6442560587773084,-0.10527437459868337,-1.0947684188793974,213,3,2,0
2.255410382788201,0,41,2,0.463120406310317,0,0.945206705724145,-0.10527437459868337,-1.184482819146285,130,3,0,3
-0.8138640171524927,1,1,0,0.35049195459882143,1,0.5585806278724401,-0.10527437459868337,-0.5916365709082636,297,0,0,2
1.9299744744687468,1,31,2,0.6883773097333081,1,-0.01419874672267823,-0.10527437459868337,0.2754738981370459,192,3,1,0
-0.01692947141144364,0,15,1,-1.057363691794873,1,0.21491300311536912,-0.10527437459868337,0.3860276829859453,94,2,2,3
0.37692466358341864,1,37,1,1.2515195682907858,2,0.34378836239927074,-0.10527437459868337,-0.41855175895986924,216,2,1,0
-0.23308793187105153,1,39,0,-1.5078774986408552,3,-1.517744605034864,-0.10527437459868337,-1.1214651792859796,252,2,2,0
-0.19941801646686658,1,1,2,-1.5078774986408552,3,-0.77313141806121,-0.10527437459868337,-1.1222684765419206,312,2,2,2
-0.1570809935387097,0,18,1,-0.32527875567015185,0,-0.4724222463987729,-0.10527437459868337,0.8754185134732396,312,2,0,2
-0.36233567356493396,1,42,2,0.7446915355890559,0,-1.517744605034864,-0.10527437459868337,-0.927203700894906,1,1,1,1
0.25494610884512536,1,38,2,-1.5078774986408552,3,0.4153857842236605,-0.10527437459868337,-1.1839884823733982,226,2,2,0
0.6281110194279261,1,22,0,0.8010057614448036,0,1.3747912366704838,-0.10527437459868337,1.9408764632980153,112,3,1,3
0.14203406750748468,0,32,1,0.5194346321660648,1,-1.0738405897236472,-0.10527437459868337,-1.2556055223453813,60,2,1,1
-0.8074735231256012,1,4,0,-1.2263063693621163,3,0.5013026904129283,-0.10527437459868337,-1.0342585082732156,276,0,2,2
-1.0145654701845568,1,20,0,0.8010057614448036,1,0.601539080967074,-0.10527437459868337,0.41225070398517755,103,0,1,3
-0.9183885350798383,0,39,2,-1.1136779176506206,3,-0.8304093555207219,-0.10527437459868337,-1.1973767699724172,42,0,2,1
0.9405662367552565,1,34,1,1.9272902785597592,2,-1.2743133708319385,-0.10527437459868337,0.48516280331529665,334,3,1,2
0.8420727475657901,1,21,1,-0.10002185224716076,1,0.7017754715212197,-0.10527437459868337,0.5049234008773102,289,3,0,2
-1.0564232060606966,1,13,0,-0.043707626391412985,1,0.5299416591426842,-0.10527437459868337,1.0131891422085293,122,0,0,3
1.032828994268504,1,19,2,-0.10002185224716076,1,-1.3888692457509624,-0.10527437459868337,1.166878959833191,265,3,0,2
-0.026355450101108565,0,42,2,-1.057363691794873,1,-0.9449652304397456,-0.10527437459868337,0.2971140053043065,281,2,2,2
-0.7162891614793918,1,10,1,1.5330906975695247,2,-1.4461471832104742,-0.10527437459868337,0.6051398828973515,140,1,1,3
-0.32447199645560126,1,37,2,0.9136342131562992,2,-0.3005884340202374,-0.10527437459868337,-0.2255801905855476,8,1,1,1
-0.10439935840452218,1,38,0,-0.15633607810290853,1,1.8186952519817006,-0.10527437459868337,0.822331378472437,92,2,0,3
-0.929811543152907,1,12,2,-0.9447352400833774,3,1.2315963930217042,-0.10527437459868337,-1.2347326670443723,245,0,2,0
-0.3932097478323539,1,3,2,-0.550535659093143,0,0.8736092838997552,-0.10527437459868337,0.03379470960921618,233,1,2,0
0.43679560449785926,1,27,1,0.06892082532008256,0,0.12899609692610137,-0.10527437459868337,0.45136252646915803,5,2,0,1
-0.44006005716700297,1,10,2,1.7583476009925159,2,-1.4175082144807183,-0.10527437459868337,-0.3172616392612143,3,1,1,1
0.27120192802603105,1,14,1,1.3641480200022813,2,1.9189316425358462,-0.10527437459868337,-0.27378832462478436,73,2,1,1
-0.8086717407556434,1,33,0,1.5330906975695247,2,-0.02851823108755619,-0.10527437459868337,-0.6952232968642887,325,0,1,2
1.5753020559762638,1,42,1,0.7446915355890559,1,-0.9306457460748676,-0.10527437459868337,0.026238051127846943,340,3,1,2
-0.08898229156464628,1,39,0,0.012606599464334787,1,0.4726637216831724,-0.10527437459868337,0.28524477341363763,314,2,0,2
-0.9248189696943979,1,30,2,-1.1136779176506206,3,-0.14307410600657985,-0.10527437459868337,0.2235196182407759,98,0,2,3
0.20917419537751444,0,35,2,-1.057363691794873,3,-0.758811933696332,-0.10527437459868337,-0.8852520166375185,206,2,2,0
0.33838199648372885,0,30,1,0.7446915355890559,0,1.1313600024675585,9.498987800327424,0.8527073432980573,144,2,1,3
-1.0600178589508231,1,36,1,0.463120406310317,0,-0.9592847148046235,-0.10527437459868337,2.446433651061125,298,0,0,2
-0.9182287727291659,1,36,0,1.0825768907235425,0,-1.3029523395616944,-0.10527437459868337,0.8093601875255415,153,0,1,3
-0.9638808644337727,1,24,1,1.0262626648677948,2,0.14331558129097932,-0.10527437459868337,-0.15967634487937657,174,0,1,0
-0.5037652944975785,0,27,1,-0.4379072073816474,0,-0.32922740274999335,-0.10527437459868337,1.7491922302697531,292,1,0,2
-0.1385885014483922,0,37,2,-1.282620595217864,3,1.646861439603165,-0.10527437459868337,-1.1912876737855556,46,2,2,1
-0.9130364963323166,1,41,1,-1.3389348210736118,3,-1.4604666675753522,-0.10527437459868337,-1.105535691713839,64,0,2,1
-0.9340452454457226,1,4,0,-1.1136779176506206,3,-0.5583391525880407,-0.10527437459868337,-1.1668180035276565,261,0,2,0
3.031056595302168,1,29,2,-1.1136779176506206,3,0.10035712819634544,-0.10527437459868337,-1.1927603854214477,358,3,2,2
0.664896300670221,1,19,0,0.463120406310317,2,-0.45810276203389494,-0.10527437459868337,-0.5087862427065651,292,3,0,2
0.35076357866083113,1,9,2,1.3078337941465337,2,-0.8876872929802337,-0.10527437459868337,0.20188466041489972,62,2,1,1
1.9175130111163083,1,20,0,-1.282620595217864,3,-1.1740769802777928,-0.10527437459868337,1.138634822340645,160,3,2,3
-1.0255890723809447,1,13,1,0.35049195459882143,1,-0.6728950275070643,-0.10527437459868337,0.05588538414759755,65,0,0,1
0.7909887359383256,1,31,0,-0.6068498849488907,1,-0.2003520434660917,-0.10527437459868337,-0.800560798890955,36,3,2,1
-0.9688734378922819,1,37,0,0.6320630838775603,2,-1.3602302770212065,-0.10527437459868337,0.4422250201828274,279,0,1,2
1.6464362426131007,1,28,1,-1.0010494659391251,3,-0.3721858558446272,-0.10527437459868337,-0.8950100185606495,150,3,2,3
-0.2641617090768119,1,42,0,1.5894049234252725,2,-0.4151443089392611,-0.10527437459868337,-0.26797214353128745,326,2,1,2
-0.26344277849878656,0,13,1,0.35049195459882143,1,2.391474626576819,-0.10527437459868337,0.7295325227163908,286,2,0,2
1.865590247147814,0,15,2,-0.32527875567015185,1,-0.17171307473633576,-0.10527437459868337,0.9609954179378919,303,3,0,2
-0.8622720094061965,1,31,2,-1.1699921435063685,3,0.7304144402509757,-0.10527437459868337,-0.8308981436561935,115,0,2,3
-0.43886183953696073,1,23,1,-0.4379072073816474,0,-0.5297001838582848,-0.10527437459868337,1.9095658930111556,265,1,0,2
0.33606544239898045,1,26,2,-1.3389348210736118,3,-0.5153806994934068,-0.10527437459868337,-0.09581163836136383,258,2,2,0
0.4055221243537586,1,41,1,1.8709760527040113,2,0.10035712819634544,-0.10527437459868337,-0.7233387008222286,164,2,1,3
-0.14461953018627108,1,8,1,-0.8321067883718818,0,-0.9163262617099897,-0.10527437459868337,1.8730931079865973,265,2,2,2
-0.5806908663462859,0,13,1,-0.775792562516134,1,-1.517744605034864,-0.10527437459868337,-0.14493120582561075,27,1,2,1
-1.0266275276603147,1,28,2,-0.4942214332373952,1,1.3461522679407278,-0.10527437459868337,-0.7884006292120768,219,0,0,0
0.5534221204886307,1,36,1,1.4204622458580292,0,0.7304144402509757,-0.10527437459868337,1.261165975249282,98,3,1,3
-0.9079640416984713,1,29,0,0.969948439012047,2,0.2865104249397589,-0.10527437459868337,-0.7235678465138273,112,0,1,3
-0.7055850839843484,1,9,1,0.2941777287430737,0,0.3581078467641487,-0.10527437459868337,2.4107564392804317,330,1,0,2
0.8316482541844233,1,21,2,-1.4515632727851073,3,0.4153857842236605,-0.10527437459868337,-0.9208700109922933,285,3,2,2
0.1750649335089805,1,20,1,0.06892082532008256,0,0.8592897995348773,-0.10527437459868337,0.48792027562655615,10,2,0,1
1.7333469613788264,1,38,1,-1.3389348210736118,3,-0.9736041991695015,-0.10527437459868337,-1.0696653796312368,189,3,2,0
-1.0587797007331128,1,15,0,-0.15633607810290853,1,0.2865104249397589,-0.10527437459868337,0.7041488443627891,66,0,0,1
0.29404794417216834,1,7,0,-1.3952490469293595,3,-0.7874509024260881,-0.10527437459868337,-1.2586050137016997,252,2,2,0
0.09797959930960089,1,8,2,0.5194346321660648,1,-1.3459107926563285,-0.10527437459868337,0.3800776190164581,222,2,1,0
-0.990441355233041,1,21,2,1.1388911165792903,2,-1.2743133708319385,-0.10527437459868337,-0.2999881735877876,318,0,1,2
-0.1821636825942592,1,33,1,-1.0010494659391251,3,0.4153857842236605,-0.10527437459868337,-1.0252317128266462,39,2,2,1
-0.39097307492294187,1,28,0,0.7446915355890559,2,1.7900562832519447,-0.10527437459868337,-0.6393786895522269,217,1,1,0
-0.9610051421216715,1,17,1,0.1815492770315781,0,-0.9163262617099897,-0.10527437459868337,0.3474282199696967,320,0,0,2
-0.5559676425797491,0,20,1,0.463120406310317,0,2.319877204752429,-0.10527437459868337,-0.890908568148104,299,1,0,2
-0.1760527726810441,1,21,0,-0.6631641108046386,1,-0.6728950275070643,-0.10527437459868337,0.4709737931310285,76,2,2,1
1.3253139177617985,1,40,0,-0.32527875567015185,1,0.8306508308051214,-0.10527437459868337,1.0102746149850506,309,3,0,2
0.636338780487549,1,20,1,-0.775792562516134,0,-0.11443513727682394,-0.10527437459868337,2.3829113757451643,120,3,2,3
2.368921532940863,1,20,1,-0.8884210142276296,0,-0.9163262617099897,-0.10527437459868337,1.288676331594574,89,3,2,3
0.30786738750532133,1,6,0,1.6457191492810201,2,0.12899609692610137,-0.10527437459868337,0.5789606312998852,217,2,1,0
-1.0172414895583175,1,18,2,0.463120406310317,1,-0.10011565291194598,-0.10527437459868337,-0.17300284038178476,272,0,0,2
-0.3799494727265539,1,23,1,-1.057363691794873,3,-0.9449652304397456,-0.10527437459868337,-1.0128423974561696,4,1,2,1
-0.6011404472323391,1,30,1,-1.057363691794873,1,2.448752564036331,-0.10527437459868337,0.08187668478453917,358,1,2,2
0.04334087537967778,1,41,2,-0.4379072073816474,1,-0.9879236835343794,-0.10527437459868337,-0.37509389234759205,233,2,0,0
-0.6332526797174693,1,1,1,0.5757488580218125,1,0.057398675101711566,-0.10527437459868337,-0.7737275809376902,246,1,1,0
1.495780345929132,1,16,0,-1.3389348210736118,3,0.6731365027914638,-0.10527437459868337,-0.8514955091931458,39,3,2,1
-0.8414230226434627,1,11,0,-0.4379072073816474,1,-1.2313549177373047,-0.10527437459868337,-0.3990769498446809,276,0,0,2
-0.7140924291576478,1,10,1,1.3641480200022813,2,0.6731365027914638,-0.10527437459868337,-0.3978308092296952,295,1,1,2
-0.5526525738032991,1,42,2,1.476776471713777,2,-1.2743133708319385,-0.10527437459868337,0.4230051034661589,134,1,1,3
-0.9722683878440681,1,26,1,-1.057363691794873,3,0.8306508308051214,-0.10527437459868337,-0.9436738693123915,312,0,2,2
-1.0129279060901657,1,1,1,0.7446915355890559,0,0.6444975340617078,-0.10527437459868337,1.4621344707933253,173,0,1,0
-1.0035418679881687,1,36,0,1.1388911165792903,0,2.348516173482185,-0.10527437459868337,2.0040357100463875,336,0,1,2
-1.0394484563017659,1,20,1,-1.0010494659391251,1,-1.0738405897236472,-0.10527437459868337,-0.5952179378410012,301,0,2,2
1.7037509859167848,1,35,2,0.06892082532008256,1,-0.816089871155844,-0.10527437459868337,-0.39297240563366664,21,3,0,1
-1.001584779192433,1,15,0,1.8146618268482635,2,1.5609445334138972,-0.10527437459868337,-0.5212656715512661,60,0,1,1
-0.5189027772237779,1,38,1,-0.15633607810290853,1,2.0048485487251138,-0.10527437459868337,0.43453705349616,55,1,0,1
-0.3003878220917536,1,22,0,-1.0010494659391251,3,-1.4461471832104742,-0.10527437459868337,-1.1234579744016795,218,1,2,0
0.12422056540752445,1,26,1,1.702033375136768,2,-1.145438011548037,-0.10527437459868337,0.08183291538277336,11,2,1,1
-1.0629734624382605,1,24,0,0.463120406310317,1,0.3581078467641487,-0.10527437459868337,0.6069344283697586,273,0,0,2
0.06722534680518494,1,14,2,-0.38159298152589965,1,0.24355197184512503,-0.10527437459868337,0.32239727150091535,57,2,0,1
-0.9894827811290073,1,7,1,0.5194346321660648,1,0.028759706371955646,-0.10527437459868337,0.8329802164550415,277,0,1,2
-0.5506555444198955,1,4,2,-1.0010494659391251,3,-1.2599938864670606,-0.10527437459868337,-0.979459217262154,225,1,2,0
0.620322604832652,1,7,0,-0.8884210142276296,0,0.257871456210003,-0.10527437459868337,2.1983538311926876,241,3,2,0
-0.5826878957296895,1,5,2,-0.10002185224716076,0,-0.77313141806121,-0.10527437459868337,-0.9712872124853682,348,1,0,2
0.9561830065334732,1,23,0,-0.15633607810290853,1,0.12899609692610137,-0.10527437459868337,-0.7966756208165473,311,3,0,2
0.388147968718147,0,37,1,-1.057363691794873,3,0.8449703151699993,-0.10527437459868337,-0.8852906366979002,134,2,2,3
-0.44409405652147826,1,29,0,1.3078337941465337,0,1.5466250490490192,-0.10527437459868337,1.7282627322135178,344,1,1,2
1.396248401460295,1,6,0,-1.2263063693621163,3,0.3867468154939046,-0.10527437459868337,-1.1644879265512886,306,3,2,2
0.756999295832796,1,2,1,0.6320630838775603,2,0.6588170184265858,-0.10527437459868337,0.08047348925733434,192,3,1,0
2.0430462781570604,1,31,2,0.7446915355890559,2,1.603902986508531,-0.10527437459868337,-0.822926963193393,199,3,1,0
2.381782402169982,0,28,2,-0.4379072073816474,0,-0.8590483242504778,-0.10527437459868337,1.8099570332744546,214,3,0,0
0.990372149577343,1,7,0,1.3641480200022813,2,0.21491300311536912,-0.10527437459868337,-0.10720198150329839,196,3,1,0
-0.6676015851120115,1,33,0,-0.8321067883718818,1,0.257871456210003,-0.10527437459868337,-1.1961332040281236,347,1,2,2
1.4193740017201093,1,10,0,1.9836045044155068,2,-0.6156170900475525,-0.10527437459868337,-0.19213006895353707,183,3,1,0
-0.6109658317986848,1,28,0,1.5330906975695247,2,-0.4151443089392611,-0.10527437459868337,-0.4609205398693801,311,1,1,2
-0.9324875625266679,1,14,0,0.969948439012047,2,0.043079190736833604,-0.10527437459868337,-0.1938705463414096,55,0,1,1
0.02592677915639815,1,36,1,-0.9447352400833774,3,-1.2886328551968165,-0.10527437459868337,-0.9244668259491835,262,2,2,2
-0.4345083154811408,1,37,0,1.476776471713777,2,-0.10011565291194598,-0.10527437459868337,0.21951857998522295,345,1,1,2
-0.23456573361477023,0,10,1,-0.2689645298144041,1,0.057398675101711566,-0.10527437459868337,0.40918169652017167,49,2,0,1
-0.5770562728684914,1,28,0,-1.3389348210736118,3,0.34378836239927074,-0.10527437459868337,-1.10382353570358,137,1,2,3
-0.47908201131870964,0,9,1,-0.15633607810290853,0,2.434433079671453,-0.10527437459868337,2.2797005517101883,247,1,0,0
-0.5294071517804809,1,0,2,-1.3952490469293595,3,0.5729001122373181,-0.10527437459868337,-1.0923430790874211,270,1,2,2
1.4614314405345894,1,1,0,1.0825768907235425,0,-0.3721858558446272,-0.10527437459868337,-1.0489495792424468,83,3,1,1
-0.27658323184158246,1,28,2,-0.7194783366603863,0,-1.1883964646426708,-0.10527437459868337,0.8673881155845201,319,2,2,2
-0.7309872977412425,1,31,1,0.6883773097333081,0,-0.8876872929802337,-0.10527437459868337,1.5393900395810494,111,1,1,3
0.0726173261403748,1,23,0,0.8010057614448036,2,-1.1883964646426708,-0.10527437459868337,0.3014137053601452,45,2,1,1
-0.9868866429305826,1,2,0,-0.043707626391412985,0,-0.28626894965535943,-0.10527437459868337,-1.191774286546366,342,0,0,2
-0.6600927546304138,0,31,0,-1.057363691794873,3,0.5729001122373181,-0.10527437459868337,-1.026544794879627,128,1,2,3
-0.38773788732182796,1,31,1,0.7446915355890559,1,0.3581078467641487,-0.10527437459868337,0.8551146603951887,174,1,1,0
-1.0528684937582382,0,10,2,-0.38159298152589965,1,0.4153857842236605,-0.10527437459868337,0.8323442727940883,293,0,0,2
-0.7220406061035942,1,27,1,0.7446915355890559,2,-0.3435468871148713,-0.10527437459868337,0.5335357162788291,248,1,1,0
-0.7906984763050108,1,20,2,1.2515195682907858,2,-0.7015339962368202,-0.10527437459868337,-0.8799765163893666,205,0,1,0
-0.7040673416529616,1,35,0,-1.0010494659391251,3,0.587219596602196,-0.10527437459868337,-0.8790959790126619,20,1,2,1
-0.8103891860253704,1,12,2,0.23786350288732588,1,-0.7301729649665761,-0.10527437459868337,0.29717837207160946,299,0,0,2
-0.9492226687595903,1,41,1,0.40680618045456923,1,0.7160949558860976,-0.10527437459868337,0.8721358083407877,57,0,0,1
-0.7107773603811978,1,39,0,-0.2689645298144041,0,-1.0452016209938912,-0.10527437459868337,-0.9881204094704424,172,1,0,0
-0.6129628611820884,1,19,2,0.6320630838775603,1,1.7900562832519447,-0.10527437459868337,-0.29617766096345155,13,1,1,1
0.5975564698618507,1,29,0,-1.4515632727851073,3,1.8473342207114565,-0.10527437459868337,-1.193046173868273,169,3,2,3
-0.573501560566033,0,38,2,-1.1136779176506206,3,0.057398675101711566,-0.10527437459868337,-0.8336144212363791,179,1,2,0
-0.21938831030090278,1,41,2,0.23786350288732588,1,-0.6585755431421864,-0.10527437459868337,-0.5130241506657931,268,2,0,2
-0.24514998934680945,0,41,2,-1.282620595217864,3,0.3008299093046369,-0.10527437459868337,-0.8414748908594185,261,2,2,0
2.192384135447983,1,7,0,-0.8884210142276296,0,1.288874330481216,-0.10527437459868337,0.6361028726407751,69,3,2,1
0.5553792092843662,1,8,2,-0.550535659093143,1,-0.7444924493314541,-0.10527437459868337,0.7278435387423606,147,3,2,3
-0.5825680739666853,1,5,1,1.2515195682907858,2,1.990529064360236,-0.10527437459868337,0.39453182028201444,306,1,1,2
-0.29739227801664814,0,22,1,0.9136342131562992,0,0.42970526858853847,-0.10527437459868337,0.6519782921283811,151,1,1,3
-0.035661607027769604,1,24,0,-1.057363691794873,3,0.7447339246158536,-0.10527437459868337,-1.2804433705122535,17,2,2,1
-0.5590430678301906,0,34,2,-0.2689645298144041,0,1.4463886584948735,-0.10527437459868337,1.944568541070514,240,1,0,0
1.7391383465906969,1,30,1,-0.043707626391412985,0,-1.3459107926563285,-0.10527437459868337,0.7765434348837923,209,3,0,0
0.3055508334205732,1,25,0,-0.15633607810290853,0,0.34378836239927074,-0.10527437459868337,-1.1339420334599883,17,2,0,1
0.9183592700118085,1,42,1,1.5894049234252725,2,0.34378836239927074,-0.10527437459868337,0.05705428464181959,286,3,1,2
-0.25793097740059256,1,39,1,-1.0010494659391251,1,0.12899609692610137,-0.10527437459868337,0.6528073360912435,86,2,2,3
0.34788785634873004,1,7,0,0.35049195459882143,1,0.3867468154939046,-0.10527437459868337,0.7749136683356808,173,2,0,0
-0.32830629287173624,1,21,0,0.06892082532008256,0,0.3581078467641487,-0.10527437459868337,0.25519579176591634,256,1,0,0
-0.18655714723774713,1,33,1,1.9836045044155068,2,1.2172769086568263,-0.10527437459868337,-0.6561681171355351,203,2,1,0
1.845100725674093,0,40,1,0.7446915355890559,0,-1.0308821366290133,-0.10527437459868337,1.7496608203357187,289,3,1,2
0.4514538001720419,0,29,0,1.0825768907235425,0,-0.8304093555207219,-0.10527437459868337,0.5113060095230734,218,2,1,0
-0.14094499612080846,1,9,2,0.7446915355890559,1,0.07171815946658952,-0.10527437459868337,-0.18724076930920308,49,2,1,1
-0.13950713496475792,0,35,0,-1.5078774986408552,3,2.1766823611036497,-0.10527437459868337,-0.9735451986823566,25,2,2,1
-0.5683092841691835,1,37,0,-1.2263063693621163,3,0.8736092838997552,-0.10527437459868337,-0.9866065031034764,115,1,2,3
-0.3346169057232917,1,28,1,1.9836045044155068,2,2.119404423644138,-0.10527437459868337,-0.5613970636293255,123,1,1,3
1.358145080824954,1,18,1,-0.8884210142276296,1,-0.8304093555207219,-0.10527437459868337,0.9825994797154627,180,3,2,0
1.9886871383408136,0,0,2,0.8010057614448036,0,-1.1597574959129149,-0.10527437459868337,0.22338316069409367,38,3,1,1
-0.04293079398335876,1,12,0,1.5330906975695247,2,-0.2719494652904815,-0.10527437459868337,0.6609046754179578,174,2,1,0
-0.4949384246229344,1,23,0,0.012606599464334787,1,0.3581078467641487,-0.10527437459868337,-0.11644504928800588,105,1,0,3
2.6745069691892853,1,5,1,0.463120406310317,2,1.8902926738060903,-0.10527437459868337,0.1207876829545342,48,3,0,1
-1.0871774585651124,1,27,1,-0.6068498849488907,1,-0.4151443089392611,-0.10527437459868337,-0.46780778397079853,248,0,2,0
-0.6318946997367547,1,11,0,0.6883773097333081,1,0.17195455002073523,-0.10527437459868337,0.7436365687678188,205,1,1,0
3.2726572101063383,1,7,2,-1.1699921435063685,3,0.40106629985878256,-0.10527437459868337,-1.0340087652160799,304,3,2,2
-0.6294583238890024,1,40,1,-0.8321067883718818,1,0.057398675101711566,-0.10527437459868337,-0.4311624960098683,237,1,2,0
-0.6786651278960676,1,41,2,0.7446915355890559,0,-1.2456744021021826,-0.10527437459868337,-1.2270627230525497,100,1,1,3
-0.6446357472028699,1,33,0,0.463120406310317,2,-0.8876872929802337,-0.10527437459868337,-0.31225647943573487,159,1,0,3
0.6419304627610793,1,30,0,1.2515195682907858,2,1.8330147363465785,-0.10527437459868337,0.06410373299684154,10,3,1,1
1.597509022719712,1,15,2,-1.0010494659391251,1,2.405794110941697,-0.10527437459868337,-1.1540141661757484,53,3,2,1
0.07461435552377843,1,19,1,-0.550535659093143,0,1.8473342207114565,-0.10527437459868337,0.5944524248543654,31,2,2,1
0.08695599711321271,0,4,1,-0.4942214332373952,1,-0.5010612151285289,-0.10527437459868337,0.13009511750654465,98,2,0,3
0.7357109626057132,0,10,1,-1.1699921435063685,3,-1.0738405897236472,-0.10527437459868337,-0.8019562704060834,150,3,2,3
-0.7061442522117015,1,19,0,0.2941777287430737,1,-0.1287546216417019,-0.10527437459868337,-1.1989164230463043,304,1,0,2
-0.7667341237041674,1,42,0,1.195205342435038,2,0.6731365027914638,-0.10527437459868337,-0.7559778011862216,2,1,1,1
-0.7890609122106198,1,33,1,-0.32527875567015185,1,0.7304144402509757,-0.10527437459868337,0.34556415838860255,191,0,0,0
2.001707769920605,0,29,2,1.702033375136768,2,-0.17171307473633576,-0.10527437459868337,0.6703665902114953,178,3,1,0
0.435597386867817,1,31,2,-0.15633607810290853,1,0.22923248748024708,-0.10527437459868337,0.10772122919203009,223,2,0,0
-0.4476088282362686,1,34,2,-0.550535659093143,0,-0.18603255910121375,-0.10527437459868337,1.24355780238588,311,1,2,2
-1.05055193967349,1,20,0,-0.6068498849488907,1,0.4440247529534165,-0.10527437459868337,0.4909944324329462,149,0,2,3
-0.17785009912610744,0,16,1,0.5757488580218125,2,0.37242733112902665,-0.10527437459868337,-0.6304523062626501,316,2,1,2
-0.739015355862525,1,0,1,0.5194346321660648,1,-0.057157199817312106,-0.10527437459868337,-0.7939387458708248,301,1,1,2
0.06650641622715983,1,31,1,1.3078337941465337,2,0.48698320604805034,-0.10527437459868337,0.5823591966134825,154,2,1,3
-0.5631569483600022,1,24,2,-1.4515632727851073,3,-0.08579616854706802,-0.10527437459868337,-1.2474644136169009,181,1,2,0
-0.10487864545653906,1,7,2,-0.4942214332373952,0,-1.2170354333724267,-0.10527437459868337,1.2594486698976386,230,2,0,0
-0.907245111120446,0,34,0,1.8146618268482635,2,-1.2027159490075487,-0.10527437459868337,0.6802713483640773,275,0,1,2
-1.0221541818414905,1,14,1,-0.6068498849488907,1,1.990529064360236,-0.10527437459868337,1.1545179658403275,316,0,2,2
-0.8149424130195307,1,4,1,-1.3389348210736118,3,-1.4031887301158403,-0.10527437459868337,-0.9733701210752925,273,0,2,2
-0.8271242922582928,1,22,0,-0.38159298152589965,0,2.0191680330899917,-0.10527437459868337,1.6773872393372455,53,0,0,1
1.645437727921399,1,12,0,-1.282620595217864,3,-0.2719494652904815,-0.10527437459868337,-1.2721786775905515,86,3,2,3
1.8680665635832348,1,13,2,-0.9447352400833774,3,1.603902986508531,-0.10527437459868337,-1.274307930252934,172,3,2,0
-0.8895114901958219,1,25,0,0.7446915355890559,1,0.587219596602196,-0.10527437459868337,0.5215429001949387,56,0,1,1
-0.891748163105234,1,21,1,-1.0010494659391251,3,0.3867468154939046,-0.10527437459868337,-1.1948613167062168,310,0,2,2
-0.6783855437823911,1,2,2,1.2515195682907858,2,0.3581078467641487,-0.10527437459868337,0.6198592752441962,345,1,1,2
-0.23041191249729073,1,5,0,0.1815492770315781,0,-1.0738405897236472,-0.10527437459868337,0.7475964122922979,66,2,0,1
-0.35394815015463876,1,27,1,0.5194346321660648,2,0.057398675101711566,-0.10527437459868337,-0.008473659143301827,216,1,1,0
-0.7341026635793522,1,30,2,0.35049195459882143,1,-0.3149079183851154,-0.10527437459868337,-0.597007333972024,101,1,0,3
-0.005586344513710945,0,26,1,0.969948439012047,2,-0.17171307473633576,-0.10527437459868337,-0.858032598080436,76,2,1,1
0.3972943632941357,1,25,1,1.3078337941465337,2,2.090765454914382,-0.10527437459868337,0.6794989471564415,141,2,1,3
-1.0717603917252363,1,11,2,1.195205342435038,2,-0.9020067773451117,-0.10527437459868337,-0.15273245802273147,269,0,1,2
1.6775100198188615,1,1,2,1.3078337941465337,2,-0.4008248245743831,-0.10527437459868337,-0.7965906566837073,294,3,1,2
-1.037930713970379,1,29,0,-1.5078774986408552,3,-0.443783277669017,-0.10527437459868337,-0.8111375460941799,196,0,2,0
0.6607025389650734,1,36,1,-1.2263063693621163,3,0.24355197184512503,-0.10527437459868337,-0.8547138475582946,202,3,2,0
1.3842662251598734,1,38,0,-1.0010494659391251,3,1.8616537050763344,-0.10527437459868337,-1.1324693218240962,232,3,2,0
-0.8543637730479182,1,13,0,-1.057363691794873,3,-1.1883964646426708,-0.10527437459868337,-0.9175486857994596,52,0,2,1
0.27771224381592685,1,18,0,-0.043707626391412985,0,-0.443783277669017,-0.10527437459868337,0.5402118373834937,242,2,0,0
-0.8202545111793844,0,29,2,0.8010057614448036,1,-0.9449652304397456,-0.10527437459868337,1.0703803022925693,0,0,1,1
-1.077671598700111,1,9,2,1.0262626648677948,2,-1.1883964646426708,-0.10527437459868337,0.35422535059689086,304,0,1,2
-0.28301366645614207,1,41,0,1.1388911165792903,2,2.2912382360226733,-0.10527437459868337,-0.28980277632976476,21,2,1,1
0.5822991653726471,1,8,0,0.8573199873005514,1,-1.0308821366290133,-0.10527437459868337,-1.2093721607269998,274,3,1,2
-0.9644799732487939,0,7,2,0.5194346321660648,2,0.7590534089807316,-0.10527437459868337,-0.08092746709022382,273,0,1,2
-0.7537534327120438,0,33,1,-0.9447352400833774,3,-0.2003520434660917,-0.10527437459868337,-1.2521657623007103,144,1,2,3
-0.8927067372092677,0,33,0,0.5757488580218125,1,-1.1740769802777928,9.498987800327424,-0.6553442225140571,341,0,1,2
-1.0179204795486747,1,27,2,0.5194346321660648,2,-0.5869781213177966,-0.10527437459868337,0.3917434519224495,83,0,1,1
0.22994330096491206,1,13,2,-1.3389348210736118,3,2.0191680330899917,-0.10527437459868337,-0.8878215379882533,141,2,2,3
0.1675561030273829,0,29,2,0.5194346321660648,2,-0.8590483242504778,-0.10527437459868337,0.10145190605672037,12,2,1,1
-0.5312843594008803,1,28,0,-1.5078774986408552,3,-0.443783277669017,-0.10527437459868337,-1.2352707732190251,255,1,2,0
0.28510125253452007,0,14,1,1.3641480200022813,2,0.42970526858853847,-0.10527437459868337,-0.6859931024330421,35,2,1,1
0.3550372215413149,1,28,0,0.969948439012047,0,0.8879287682646332,-0.10527437459868337,1.4812127806219275,312,2,1,2
-0.7117758750728996,1,30,2,0.5757488580218125,2,-1.532064089399742,-0.10527437459868337,0.07850129150717121,192,1,1,0
1.0465685564263212,1,25,0,0.5757488580218125,2,0.1146766125612234,-0.10527437459868337,-0.3065226878043858,325,3,1,2
-0.3527898731122646,1,28,1,0.7446915355890559,1,-0.38650534020950517,-0.10527437459868337,0.5678097325323177,69,1,1,1
1.72871385320933,1,12,0,-1.057363691794873,3,1.5466250490490192,-0.10527437459868337,-1.1957650261191506,356,3,2,2
0.1252590206868943,1,25,2,0.463120406310317,0,0.7304144402509757,-0.10527437459868337,1.2570542261539681,233,2,0,0
-0.4418973241997342,1,23,0,0.6883773097333081,2,0.2865104249397589,-0.10527437459868337,0.008037704005257346,355,1,1,2
-1.1036729212720262,1,20,0,0.012606599464334787,1,0.20059351875049114,-0.10527437459868337,-0.2039452327596712,169,0,0,3
-0.8417026067571394,1,33,1,-1.2263063693621163,3,-0.5726586369529186,-0.10527437459868337,-0.8943509028634672,145,0,2,3
-0.21523448918342317,1,9,1,1.8146618268482635,2,0.8449703151699993,-0.10527437459868337,0.726684936930907,195,2,1,0
1.5282520437032747,1,11,2,0.8573199873005514,1,-0.07147668418219007,-0.10527437459868337,-0.3043985844833876,3,3,1,1
1.4280411092440808,1,6,0,-1.0010494659391251,3,-1.0595211053587692,-0.10527437459868337,-1.164130047325084,97,3,2,3
0.03667079723910962,0,4,1,-0.8321067883718818,1,-0.8447288398855999,-0.10527437459868337,0.8774422046372453,174,2,2,0
0.1822941798769016,0,30,1,1.7583476009925159,2,0.7017754715212197,-0.10527437459868337,-0.6973190788076736,300,2,1,2
1.506404542248839,1,8,1,-1.4515632727851073,3,-0.07147668418219007,-0.10527437459868337,0.4290530049219464,234,3,2,0
-0.4766855760586253,1,30,1,0.1815492770315781,0,0.3008299093046369,-0.10527437459868337,0.10812287782000075,223,1,0,0
-0.6247453345441698,1,40,1,-0.2689645298144041,0,-0.9592847148046235,-0.10527437459868337,1.0039795451428193,116,1,0,3
-0.09006068743168416,1,10,1,0.6883773097333081,1,-0.8876872929802337,-0.10527437459868337,0.2278321916500753,44,2,1,1
2.0714839765767277,1,33,2,1.1388911165792903,2,0.00012073764219972925,-0.10527437459868337,0.09232984779454255,123,3,1,3
-0.5115137685051845,1,29,0,-0.32527875567015185,1,0.3294688780343928,-0.10527437459868337,0.14612501723567783,78,1,0,1
-1.0939673584686846,0,35,2,-0.10002185224716076,0,0.5585806278724401,-0.10527437459868337,2.335287691953038,145,0,0,3
-0.8352721721425796,0,14,2,-0.2689645298144041,0,1.002484643183657,-0.10527437459868337,1.2320129790024184,87,0,0,3
0.8631214372668644,1,3,1,-0.32527875567015185,1,-0.11443513727682394,-0.10527437459868337,-0.7407666467371824,218,3,0,0
-0.9575702515822174,1,12,0,0.6883773097333081,2,-1.102479558453403,-0.10527437459868337,0.6770272632920072,178,0,1,0
-0.7206426855352118,1,34,0,0.8010057614448036,2,-0.9449652304397456,-0.10527437459868337,0.24072099313482329,282,1,1,2
0.6830293274715257,1,1,0,-1.1136779176506206,3,0.601539080967074,-0.10527437459868337,-1.0782158609997639,201,3,2,0
3.351659692513785,1,36,0,0.35049195459882143,1,-0.9163262617099897,-0.10527437459868337,-1.2004251800718861,311,3,0,2
-1.0730784311182828,1,19,2,0.1815492770315781,0,2.2053213298334056,-0.10527437459868337,1.459420767883832,160,0,0,3
-0.8457366061116146,1,24,2,-0.2126503039586563,1,-0.5297001838582848,-0.10527437459868337,0.61890407241742,3,0,0,1
1.048405823459052,1,37,2,0.06892082532008256,1,0.8306508308051214,-0.10527437459868337,-0.787520091835372,162,3,0,3
0.34433314404627147,1,18,0,1.0262626648677948,2,0.3294688780343928,-0.10527437459868337,-1.0481643046813505,273,2,1,2
-0.8484126254853754,0,11,1,0.35049195459882143,2,-0.6728950275070643,-0.10527437459868337,0.44918692973431723,235,0,0,0
0.3229649296438528,1,4,0,-1.5078774986408552,3,0.5442611435075622,-0.10527437459868337,-1.1560558800345988,95,2,2,3
-0.4398204136409945,1,35,1,-0.8321067883718818,0,-0.5010612151285289,-0.10527437459868337,1.5990915035899054,29,1,2,1
-0.6207113351896946,1,6,1,0.8573199873005514,0,0.20059351875049114,-0.10527437459868337,2.4204037303638013,156,1,1,3
-0.5581643749014931,1,21,2,0.5194346321660648,1,-0.7015339962368202,-0.10527437459868337,-0.0016224604315731553,298,1,1,2
1.0276766584593229,1,28,2,0.5757488580218125,0,-1.0595211053587692,-0.10527437459868337,2.23573032563018,12,3,1,1
0.7452967036460507,1,23,2,0.2941777287430737,1,1.1456794868324365,-0.10527437459868337,-0.6968556380830923,171,3,0,0
0.1710309341545052,1,25,2,0.8573199873005514,2,-0.32922740274999335,-0.10527437459868337,-0.5236884366725502,77,2,1,1
-0.24918398870128472,1,0,2,-0.9447352400833774,3,-0.9592847148046235,-0.10527437459868337,0.7017080565466602,148,2,2,3
1.528531627816951,1,26,1,-1.3952490469293595,3,-0.5010612151285289,-0.10527437459868337,-1.2089473400628,132,3,2,3
0.2735584226984472,1,33,1,-0.2689645298144041,1,0.22923248748024708,-0.10527437459868337,0.25922515139908275,350,2,0,2
-0.5343198440636538,1,30,0,1.476776471713777,2,-0.5583391525880407,-0.10527437459868337,0.2465629209352413,119,1,1,3
-0.9376798389235173,1,39,1,0.463120406310317,1,-1.2886328551968165,-0.10527437459868337,0.5745270483680563,249,0,0,0
3.1390559443566355,0,29,2,-1.3389348210736118,3,0.12899609692610137,-0.10527437459868337,-0.9962074501143884,76,3,2,1
1.0563140598173306,1,23,0,-1.282620595217864,3,0.08603764383146749,-0.10527437459868337,-0.9412717015566445,305,3,2,2
-0.9455880752817957,1,8,1,-1.057363691794873,3,-0.801770386790966,-0.10527437459868337,-0.9353937283665368,14,0,2,1
-0.6273814133302625,1,25,1,-1.5078774986408552,3,0.17195455002073523,9.498987800327424,-0.815357431358563,117,1,2,3
0.8840902457926024,1,24,2,-0.9447352400833774,3,1.7900562832519447,-0.10527437459868337,-0.8728137825238914,121,3,2,3
-0.20009700645722375,1,12,0,0.463120406310317,0,1.4463886584948735,-0.10527437459868337,-1.1012256929752318,332,2,0,2
-0.8802053332691611,0,5,2,1.7583476009925159,2,-0.6442560587773084,-0.10527437459868337,0.48781213945748714,79,0,1,1
1.4079110530593726,1,7,0,1.3078337941465337,2,0.5729001122373181,-0.10527437459868337,0.3284554716394714,335,3,1,2
-0.8702201863521429,1,6,2,-0.550535659093143,1,0.8163313464402434,-0.10527437459868337,0.09321810918332357,11,0,2,1
-0.3619762082759213,1,27,1,-0.8321067883718818,1,-0.9306457460748676,-0.10527437459868337,0.899138954559732,109,1,2,3
-0.18715625605276826,1,23,2,-1.4515632727851073,3,0.8592897995348773,-0.10527437459868337,-1.2738032947972786,147,2,2,3
-0.847653754319682,0,39,2,-0.043707626391412985,1,0.5729001122373181,-0.10527437459868337,1.0970487413215382,198,0,0,0
0.7180172822687572,0,26,2,0.5757488580218125,1,-0.801770386790966,-0.10527437459868337,0.8910544885864784,142,3,1,3
1.0971732810017687,0,6,0,-0.043707626391412985,1,-0.2719494652904815,-0.10527437459868337,-1.1812310100621386,182,3,0,0
0.398612402687182,1,15,0,-0.6068498849488907,1,-0.8304093555207219,-0.10527437459868337,-1.100234444758766,316,2,2,2
-0.2906023781130759,0,36,1,-1.5078774986408552,3,0.8592897995348773,-0.10527437459868337,-1.2217460280733237,243,1,2,0
0.5709959790625825,1,42,1,-0.550535659093143,0,0.3581078467641487,-0.10527437459868337,0.8875786831521176,158,3,2,3
-0.610007257694651,1,5,1,-1.0010494659391251,3,0.7447339246158536,-0.10527437459868337,-1.2823615001778823,178,1,2,0
-0.8125459777594464,1,5,2,-0.32527875567015185,0,-1.2170354333724267,-0.10527437459868337,0.35129795001995157,166,0,0,3
-0.7983670691372806,1,33,2,-1.3389348210736118,3,0.7160949558860976,-0.10527437459868337,-0.9602907939593278,10,0,2,1
-0.1253681669302602,1,14,1,0.5194346321660648,1,0.7590534089807316,-0.10527437459868337,0.7406448014235765,334,2,1,2
1.3783150775973305,1,16,0,1.0825768907235425,0,0.08603764383146749,-0.10527437459868337,0.5695270378839612,85,3,1,3
-0.9329668495786848,1,29,0,-0.6068498849488907,0,0.37242733112902665,-0.10527437459868337,1.240851823488463,250,0,2,0
-1.099519100154547,0,11,0,-0.6631641108046386,1,-1.3029523395616944,-0.10527437459868337,-0.54007879029858,147,0,2,3
1.9703943491888363,1,17,2,-0.775792562516134,0,0.257871456210003,-0.10527437459868337,0.5378045202863625,158,3,2,3
-0.06793360186357206,1,2,1,1.0262626648677948,0,-0.08579616854706802,-0.10527437459868337,1.5114368398767126,339,2,1,2
0.3146572874088938,0,13,1,-1.057363691794873,3,0.9738456744539009,-0.10527437459868337,-1.0920778880061326,278,2,2,2
-0.9995078686336935,0,41,1,1.9836045044155068,2,-1.145438011548037,-0.10527437459868337,-0.3441514999697055,214,0,1,0
-0.6287793338986452,1,40,0,1.2515195682907858,0,-0.8447288398855999,-0.10527437459868337,0.4088057945991225,159,1,1,3
-0.6826991272505429,1,41,2,-0.4379072073816474,0,2.319877204752429,-0.10527437459868337,1.1073705961262434,249,1,0,0
-1.0595385718988062,1,13,2,-0.4379072073816474,1,-0.8733678086153558,-0.10527437459868337,0.2840758729194156,122,0,0,3
0.35300025157024323,1,15,1,-1.3389348210736118,3,-0.057157199817312106,9.498987800327424,-1.2207007117723236,234,2,2,0
-0.9902815928823687,0,3,1,-0.9447352400833774,3,-0.801770386790966,-0.10527437459868337,-0.8874018666654379,284,0,2,2
0.16987265711213126,1,10,0,0.8573199873005514,0,0.4153857842236605,-0.10527437459868337,-1.132420403080946,82,2,1,1
0.29085269715872253,0,20,2,1.702033375136768,2,-1.1597574959129149,-0.10527437459868337,-0.696891683472782,137,2,1,3
-0.4528410452207861,0,41,1,0.40680618045456923,2,-0.6585755431421864,-0.10527437459868337,0.21817717655462893,208,1,0,0
-0.4265201979475263,1,28,1,-1.1699921435063685,3,-0.8733678086153558,-0.10527437459868337,-1.1094157204468622,206,1,2,0
-0.06030494961897013,0,3,0,-0.2689645298144041,1,0.24355197184512503,-0.10527437459868337,0.1549278163320327,348,2,0,2
-0.941913541216333,1,0,2,-1.1699921435063685,3,-1.517744605034864,-0.10527437459868337,-1.0766350131948028,339,0,2,2
-0.622628483397762,0,34,1,0.40680618045456923,1,1.7757367988870667,-0.10527437459868337,0.5806676379687601,65,1,0,1
0.2921307959641008,1,26,1,0.35049195459882143,2,0.6588170184265858,-0.10527437459868337,0.18779863705831645,9,2,0,1
-0.2272965466591811,0,12,2,-1.057363691794873,1,0.5156221747778063,-0.10527437459868337,0.0018044262596371508,221,2,2,0
-0.9739858331137952,1,39,0,1.5330906975695247,2,-0.11443513727682394,-0.10527437459868337,-0.37819379586090335,169,0,1,3
-0.6890896212774344,1,10,0,1.4204622458580292,0,1.4893471115895074,-0.10527437459868337,-0.9675050212386453,224,1,1,0
-0.12401018694954573,1,14,2,-0.8884210142276296,0,0.31514939366951483,-0.10527437459868337,0.5638241423009174,273,2,2,2
-0.9125172686926317,1,9,0,-1.4515632727851073,3,0.8163313464402434,-0.10527437459868337,-0.9285322309720395,52,0,2,1
0.21840047112883917,1,5,0,1.3641480200022813,2,-1.4604666675753522,-0.10527437459868337,0.21451084548905147,40,2,1,1
-0.6359286990912302,1,22,2,0.5194346321660648,1,0.6874559871563417,-0.10527437459868337,-1.0850464623459557,171,1,1,0
-0.7697696083669407,0,19,1,1.2515195682907858,0,-1.5607030581294978,-0.10527437459868337,0.14395714451291358,49,1,1,1
0.07317649436772777,1,17,2,-1.3389348210736118,3,-0.5297001838582848,-0.10527437459868337,-1.042229688736016,257,2,2,0
0.9466372060808039,1,30,1,-1.1136779176506206,3,0.587219596602196,-0.10527437459868337,-0.9055198243258795,353,3,2,2
2.8551582472119765,1,35,0,-0.10002185224716076,0,0.7160949558860976,-0.10527437459868337,0.28475558598213513,355,3,0,2
-0.7298290206988683,1,42,2,-0.32527875567015185,0,-1.2170354333724267,-0.10527437459868337,0.27340901224196656,253,1,0,0
-0.7863848928368589,1,8,1,0.8010057614448036,2,0.5442611435075622,-0.10527437459868337,0.22597842875174964,115,1,1,3
-0.8909493513518726,1,41,2,1.3078337941465337,0,-1.1740769802777928,-0.10527437459868337,2.490571230736122,150,0,1,3
0.9646903517067726,1,18,2,-1.282620595217864,3,-0.5297001838582848,-0.10527437459868337,-0.8506638905595914,14,3,2,1
-1.0650903135846685,1,21,2,0.5194346321660648,0,0.601539080967074,-0.10527437459868337,2.093399955099147,238,0,1,0
-0.31432708718791086,0,40,1,-1.0010494659391251,3,-0.5010612151285289,-0.10527437459868337,-1.0077007800840079,15,1,2,1
-0.6801429296397863,1,24,1,-1.0010494659391251,3,-0.6585755431421864,-0.10527437459868337,-0.9531177614110843,349,1,2,2
0.27475664032848945,1,9,1,-0.2126503039586563,1,1.3461522679407278,-0.10527437459868337,1.1435833394108976,100,2,0,3
-0.5562072861057575,1,5,1,-0.043707626391412985,1,0.5729001122373181,-0.10527437459868337,-1.0400386439770228,29,1,0,1
-0.4764858731202849,1,27,0,0.23786350288732588,1,0.014440222007077688,-0.10527437459868337,1.097908681332706,214,1,0,0
2.207481677586514,0,6,2,1.195205342435038,2,-0.32922740274999335,-0.10527437459868337,-0.22059562812560501,303,3,1,2
0.6317855534933888,1,28,0,0.5757488580218125,2,-0.10011565291194598,-0.10527437459868337,0.4817359166240861,197,3,1,0
-0.6663234863066332,1,33,2,0.6883773097333081,0,-1.0165626522641353,-0.10527437459868337,1.3836173133664635,356,1,1,2
0.20801591833514024,1,10,2,-0.6068498849488907,0,-0.7301729649665761,-0.10527437459868337,1.1529628647422874,92,2,2,3
1.4301979009781567,1,10,0,0.12523505117583034,0,-0.18603255910121375,-0.10527437459868337,-0.9968768644943394,321,3,0,2
1.9676783892274075,1,36,1,-1.282620595217864,3,-1.3745497613860844,-0.10527437459868337,-0.995120939082314,208,3,2,0
-0.4083871711462215,1,7,1,-1.057363691794873,3,0.7160949558860976,-0.10527437459868337,-1.0478192988086066,112,1,2,3
-1.0784304698658045,1,19,1,1.8709760527040113,2,2.334196689117307,-0.10527437459868337,0.16676100283301182,52,0,1,1
-0.40806764644487686,1,11,0,-1.0010494659391251,3,-1.2456744021021826,-0.10527437459868337,-0.8746984414705226,202,1,2,0
-0.6210708004787072,1,9,2,0.8573199873005514,0,0.00012073764219972925,-0.10527437459868337,2.1070740311449914,306,1,1,2
-0.883480461457943,1,12,0,-0.8321067883718818,0,-0.24331049656072556,-0.10527437459868337,0.9602745101440987,187,0,2,0
0.5886497188118706,0,24,2,0.6320630838775603,2,0.8449703151699993,-0.10527437459868337,0.29091677294837603,122,3,1,3
-0.9671959332102229,1,6,1,-0.7194783366603863,1,0.15763506565585728,-0.10527437459868337,0.8623108649796616,251,0,2,0
-0.9649193197131427,1,24,1,1.1388911165792903,0,-0.45810276203389494,-0.10527437459868337,1.0203930708050781,285,0,1,2
-1.0938874772933487,1,13,0,1.8709760527040113,2,-0.1573935903714578,-0.10527437459868337,0.6311440568877539,356,0,1,2
-0.5523330491019545,0,20,2,0.2941777287430737,1,-0.5440196682231627,-0.10527437459868337,-0.7295076118005458,305,1,0,2
-0.08946157861666316,0,35,0,-0.9447352400833774,1,0.7160949558860976,-0.10527437459868337,-0.5970279313375609,55,2,2,1
-0.6478709348039837,1,0,2,-0.9447352400833774,1,0.2865104249397589,-0.10527437459868337,1.2098373403311968,235,1,2,0
-0.4242036438627781,1,37,0,0.6883773097333081,2,0.7447339246158536,-0.10527437459868337,0.3125955001760183,137,1,1,3
-0.4344683748934728,1,28,0,1.4204622458580292,0,0.3294688780343928,9.498987800327424,2.1359541122984904,111,1,1,3
0.57291312727065,1,24,1,0.35049195459882143,2,-0.6156170900475525,-0.10527437459868337,0.378882971815315,135,3,0,3
0.5237862044389209,1,33,1,1.0825768907235425,2,-1.3029523395616944,-0.10527437459868337,-0.5069994212462345,117,3,1,3
3.53514675226091,0,11,2,-0.8321067883718818,0,-1.0595211053587692,-0.10527437459868337,1.3510039597093917,166,3,2,3
0.2590200487872689,0,27,1,-1.3389348210736118,3,1.8330147363465785,-0.10527437459868337,-1.1967434009821558,129,2,2,3
1.2117628270214686,1,30,0,0.463120406310317,1,-0.3435468871148713,-0.10527437459868337,0.1441888648752042,270,3,0,2
2.1736519998316566,0,1,1,1.9272902785597592,2,-1.1883964646426708,-0.10527437459868337,-0.2754000684780508,333,3,1,2
-0.09525296382853361,1,1,1,-1.3952490469293595,3,1.704139377062677,-0.10527437459868337,-1.2588753541243725,109,2,2,3
-1.0165225589802922,1,27,2,0.969948439012047,2,-0.6299365744124305,-0.10527437459868337,-0.3798184130676305,96,0,1,3
-0.04293079398335876,0,4,2,-0.32527875567015185,1,-0.32922740274999335,-0.10527437459868337,0.5330877235784003,47,2,0,1
0.38858731518249584,0,23,2,1.702033375136768,2,-1.1740769802777928,-0.10527437459868337,-0.9578448568018147,300,2,1,2
0.2477568030648725,0,4,0,1.8709760527040113,2,-0.7015339962368202,-0.10527437459868337,-0.02761891040989913,114,2,1,3
2.128998422818752,1,8,0,-1.3952490469293595,3,-0.7444924493314541,-0.10527437459868337,1.0631197309407938,56,3,2,1
-1.0683654417734503,1,22,0,-1.1699921435063685,3,-0.4724222463987729,-0.10527437459868337,-1.1440682132920925,160,0,2,3
-0.5661524924351076,0,4,1,0.35049195459882143,0,-0.042837715452434144,-0.10527437459868337,1.6070240639923241,320,1,0,2
0.25055264420163753,1,11,0,-0.10002185224716076,1,-1.1740769802777928,-0.10527437459868337,0.5469059811830032,80,2,0,1
0.024488918000347484,1,7,1,-1.0010494659391251,1,0.1146766125612234,-0.10527437459868337,-0.7879680845358007,148,2,2,3
-0.704267044591302,1,27,0,1.3078337941465337,0,-0.07147668418219007,-0.10527437459868337,0.9668656671159236,169,1,1,3
-0.7446469787237233,1,0,1,-1.5078774986408552,3,0.8163313464402434,-0.10527437459868337,-0.3093471015536404,50,1,2,1
1.5090805616225997,1,39,0,-1.057363691794873,1,2.076445970549504,-0.10527437459868337,0.12293238364106933,52,3,2,1
0.1726684982488963,1,25,2,0.2941777287430737,1,-0.01419874672267823,-0.10527437459868337,-1.2026857409395666,111,2,0,3
-0.9418336600409969,1,31,2,-0.9447352400833774,3,-1.0165626522641353,-0.10527437459868337,-1.1586974921647129,330,0,2,2
-0.8219320158614434,0,17,1,1.3078337941465337,2,-1.145438011548037,-0.10527437459868337,-0.6993427699716792,336,0,1,2
0.758117632287502,0,18,1,0.5194346321660648,2,-1.0595211053587692,-0.10527437459868337,-0.30770703632276053,35,3,1,1
-0.16742560574474047,1,11,1,-0.9447352400833774,3,-0.7015339962368202,-0.10527437459868337,-1.104948666796036,230,2,2,0
-0.47129359672343557,1,39,1,-1.5078774986408552,3,-0.2719494652904815,-0.10527437459868337,-1.2372661430054175,249,1,2,0
-0.9046090323343534,0,30,2,-0.8321067883718818,0,-1.0165626522641353,-0.10527437459868337,1.144041630794095,223,0,2,0
-0.8804050362075015,0,15,1,0.8010057614448036,1,-0.9020067773451117,-0.10527437459868337,-0.5343218266310017,209,0,1,0
-1.0268671711863229,1,17,0,-0.10002185224716076,1,0.27219094057488097,-0.10527437459868337,0.10436385860950688,9,0,0,1
-0.9063264776040805,1,35,1,-0.4942214332373952,0,-0.5010612151285289,-0.10527437459868337,-0.8838745678172347,54,0,0,1
-0.8125459777594464,1,20,1,0.463120406310317,2,0.17195455002073523,-0.10527437459868337,-0.27147884501395353,108,0,0,3
-0.6298976703533511,1,36,0,-0.6631641108046386,0,-0.9449652304397456,-0.10527437459868337,1.2332591196174039,65,1,2,1
-0.6419996684167771,1,33,1,-0.10002185224716076,1,1.8330147363465785,-0.10527437459868337,-0.6408951705898851,27,1,0,1
0.4578842347866014,1,26,0,1.0825768907235425,2,-0.5726586369529186,-0.10527437459868337,-0.755874814358537,24,2,1,1
-0.48351541654986574,0,41,1,0.06892082532008256,1,0.587219596602196,-0.10527437459868337,0.706522690740923,186,1,0,0
0.5978360539755273,0,28,1,0.23786350288732588,1,0.6301780496968299,-0.10527437459868337,0.8093936582445389,67,3,0,1
0.6644569542058721,1,40,0,-1.5078774986408552,3,0.257871456210003,-0.10527437459868337,-1.0905845790047037,243,3,2,0
-0.7011916193408605,1,30,1,-0.775792562516134,0,-1.3315913082914503,-0.10527437459868337,0.24028844845854722,284,1,2,2
-0.8377484885780001,1,5,1,-0.4379072073816474,1,-0.17171307473633576,-0.10527437459868337,-0.6034646080678585,291,0,0,2
0.1955943955703699,1,10,2,0.6320630838775603,1,0.8592897995348773,-0.10527437459868337,0.7881809464121703,260,2,1,0
-0.47432908138620905,1,34,0,-0.6631641108046386,0,-0.2719494652904815,-0.10527437459868337,0.07498429134173663,264,1,2,2
-0.8838798673346238,1,22,2,-1.0010494659391251,3,0.3294688780343928,-0.10527437459868337,-0.402151106651071,95,0,2,3
0.043780221844026405,1,32,2,-1.0010494659391251,3,-1.1883964646426708,-0.10527437459868337,-1.2742409888149389,10,2,2,1
-0.12640662220963017,0,32,1,-1.1699921435063685,3,-0.17171307473633576,-0.10527437459868337,-1.1219698147416348,82,2,2,1
-0.6509064194667573,0,12,1,-0.2126503039586563,1,-1.4031887301158403,-0.10527437459868337,-1.1948664660476012,230,1,0,0
0.383235276434974,0,24,2,0.9136342131562992,0,-0.5726586369529186,-0.10527437459868337,0.8577871685736085,13,2,1,1
0.9078948360427735,1,32,2,0.8573199873005514,1,0.7017754715212197,-0.10527437459868337,-0.33568855740471026,87,3,1,3
2.168100258145795,1,18,1,0.12523505117583034,0,0.8879287682646332,-0.10527437459868337,0.9508254687040217,251,3,0,0
2.83375009222189,0,15,2,1.3078337941465337,0,0.1146766125612234,-0.10527437459868337,2.5159162890293416,166,3,1,3
-1.0741967675729889,1,7,0,1.0262626648677948,2,0.22923248748024708,-0.10527437459868337,-1.0308033002043917,299,0,1,2
-0.31884037359440304,0,14,2,0.463120406310317,2,-1.2743133708319385,-0.10527437459868337,-0.026941772017871794,17,1,0,1
1.4404626320088514,1,27,1,0.7446915355890559,2,-0.4151443089392611,-0.10527437459868337,0.7309640396212088,93,3,1,3
-1.0536273649239316,1,39,0,-1.057363691794873,3,-0.77313141806121,-0.10527437459868337,-1.248767196987113,7,0,2,1
0.6182057536862443,1,37,0,0.23786350288732588,1,1.7327783457924328,-0.10527437459868337,-0.7712867931215615,233,3,0,0
0.39082398809190794,1,13,0,0.35049195459882143,1,-0.758811933696332,9.498987800327424,0.09920936788388468,302,2,0,2
1.4592746488005133,1,14,1,0.2941777287430737,0,-0.35786637147974926,-0.10527437459868337,0.8628978898974644,135,3,0,3
-0.7943330697828054,0,38,2,0.40680618045456923,2,2.4773915327660867,-0.10527437459868337,0.45336562026762656,255,0,0,0
-0.5495771485528576,1,22,1,0.23786350288732588,1,1.1743184555621924,-0.10527437459868337,-0.013167283815034951,121,1,0,3
0.889362403364788,1,38,1,-0.775792562516134,1,2.5346694702255985,-0.10527437459868337,0.9719454923914743,162,3,2,3
-1.0674068676694166,1,0,2,-1.1699921435063685,3,-1.0022431678992574,-0.10527437459868337,-1.178983322547919,154,0,2,3
-0.6258636709988759,1,33,0,-1.2263063693621163,3,-0.48674173076365085,-0.10527437459868337,1.0992706821288372,16,1,2,1
1.2028960165591565,1,26,1,0.8010057614448036,2,0.8736092838997552,-0.10527437459868337,0.3514833263097842,27,3,1,1
0.01438394932032527,1,31,2,-0.2126503039586563,0,0.7017754715212197,-0.10527437459868337,0.048629962137206266,18,2,0,1
-0.9381990665632022,1,34,2,-1.3389348210736118,3,-0.24331049656072556,-0.10527437459868337,-1.1893437974130059,168,0,2,3
-0.7999646926440036,1,14,0,1.2515195682907858,0,2.0048485487251138,-0.10527437459868337,1.596372651339028,103,0,1,3
-1.01740125190899,1,39,0,0.969948439012047,2,-1.0595211053587692,-0.10527437459868337,-0.28867764523730877,119,0,1,3
1.164033824758122,1,3,0,0.35049195459882143,2,0.5156221747778063,-0.10527437459868337,0.6113165178877451,345,3,0,2
-0.6844964536956062,1,28,1,0.35049195459882143,1,1.2602353617514601,-0.10527437459868337,0.21965246286121323,216,1,0,0
0.29089263774639057,0,14,0,-1.3389348210736118,3,1.0884015493729247,-0.10527437459868337,-1.239318155547036,134,2,2,3
3.4902535317219967,1,18,0,1.1388911165792903,0,-0.2003520434660917,-0.10527437459868337,-1.0324201933990427,39,3,1,1
-0.3740382657516792,1,36,2,-1.4515632727851073,3,1.704139377062677,-0.10527437459868337,-1.0812874431354618,281,1,2,2
0.0037996935882859393,1,40,1,-0.8884210142276296,0,0.057398675101711566,-0.10527437459868337,0.40534801185960656,215,2,2,0
0.7707787985782809,1,2,0,-0.2689645298144041,0,-0.443783277669017,-0.10527437459868337,0.8790230524422062,97,3,0,3
-0.06242180076537809,1,30,0,0.463120406310317,2,-0.5010612151285289,-0.10527437459868337,0.004294132818916278,166,2,0,3
0.35036417278415055,1,41,1,-1.282620595217864,3,-0.35786637147974926,-0.10527437459868337,-1.0906515204426988,344,2,2,2
-0.2644812337781565,1,24,1,0.6883773097333081,2,0.24355197184512503,-0.10527437459868337,0.5020088736538316,38,2,1,1
-1.0217947165524779,1,10,0,0.7446915355890559,0,1.7327783457924328,-0.10527437459868337,1.7717000014602577,105,0,1,3
-0.853684783057561,1,8,0,-1.5078774986408552,3,1.1456794868324365,-0.10527437459868337,0.7662396027739318,332,0,2,2
0.17790071523341378,1,35,0,1.0262626648677948,0,0.6874559871563417,-0.10527437459868337,1.9352559571771195,12,2,1,1
-1.0592589877851297,1,17,1,1.702033375136768,2,0.1146766125612234,-0.10527437459868337,-0.8701592970403168,47,0,1,1
1.4587154805731604,1,25,1,-0.043707626391412985,1,-1.3029523395616944,-0.10527437459868337,-0.5063866496215101,253,3,0,0
-0.26707737197658127,1,19,0,-1.0010494659391251,3,0.3867468154939046,-0.10527437459868337,-0.9957491587311912,1,2,2,1
0.14510949275792617,0,6,1,0.5757488580218125,2,0.7733728933456095,-0.10527437459868337,-0.8299738368777229,265,2,1,2
-0.709179736874475,1,34,1,-1.057363691794873,3,0.17195455002073523,-0.10527437459868337,-1.2083139710725388,3,1,2,1
-0.6470321824629542,1,10,1,0.463120406310317,2,-0.08579616854706802,-0.10527437459868337,0.21089343316662418,133,1,0,3
-0.973386724298774,1,25,2,-1.2263063693621163,3,-0.6728950275070643,-0.10527437459868337,-1.1923020940382505,137,0,2,3
0.8837707210912576,0,28,2,-0.6631641108046386,0,-1.2456744021021826,-0.10527437459868337,0.1938774345624094,35,3,2,1
-0.7129740927029418,1,37,1,-1.0010494659391251,3,-0.4008248245743831,-0.10527437459868337,-1.1104224166874808,108,1,2,3
-1.100158149557236,1,42,0,1.1388911165792903,2,0.40106629985878256,-0.10527437459868337,0.5607551348359114,205,0,1,0
-0.7924159215747378,0,17,2,0.8010057614448036,1,-0.3435468871148713,-0.10527437459868337,0.1325668013709788,125,0,1,3
-0.3316213616481863,0,39,1,-0.32527875567015185,1,-1.5607030581294978,-0.10527437459868337,-0.5462322532527445,154,1,0,3
-0.9928777310807935,1,18,0,0.463120406310317,1,0.945206705724145,-0.10527437459868337,-0.6171515574671632,134,0,0,3
-0.6861340177899972,1,7,2,-1.1699921435063685,3,-0.443783277669017,-0.10527437459868337,-0.9465291791099516,231,1,2,0
1.837352251666487,1,24,2,-0.8321067883718818,0,-1.2170354333724267,-0.10527437459868337,0.5732731837409943,103,3,2,3
-0.15760022117839462,1,30,0,-1.5078774986408552,3,1.303193814846094,-0.10527437459868337,-1.1931903554270316,237,2,2,0
0.5283793720207494,1,18,1,1.1388911165792903,0,-0.42946379330413903,-0.10527437459868337,1.696238978144941,233,3,1,0
-0.8059557807942145,0,14,2,-1.3389348210736118,3,0.5442611435075622,-0.10527437459868337,-1.0493383545169568,48,0,2,1
-0.8170592641659385,1,31,0,1.0825768907235425,0,-1.489105636305108,-0.10527437459868337,1.7849724288781317,56,0,1,1
-0.9514194010813342,1,8,2,-1.057363691794873,3,0.34378836239927074,-0.10527437459868337,-1.1821424434871488,124,0,2,3
1.8055595438827015,1,20,0,1.3078337941465337,0,-0.4151443089392611,-0.10527437459868337,1.0344198767357426,113,3,1,3
-0.5584838996028376,1,13,0,-0.6068498849488907,1,-0.9879236835343794,-0.10527437459868337,-0.1645012777564076,41,1,2,1
0.908214360744118,1,11,2,-0.8884210142276296,1,-0.8304093555207219,-0.10527437459868337,0.2843899827438542,134,3,2,3
0.3760459706547212,0,25,1,-1.1699921435063685,3,-0.8733678086153558,-0.10527437459868337,-1.0100257077189911,46,2,2,1
0.6112161508443317,1,5,2,-0.4942214332373952,0,1.2315963930217042,-0.10527437459868337,-1.2242743546929848,267,3,0,2
-0.1877154242801213,1,19,1,-0.550535659093143,1,-0.9020067773451117,-0.10527437459868337,-1.111874530957836,131,2,2,3
-0.6215101469430561,1,6,0,0.40680618045456923,2,0.3008299093046369,-0.10527437459868337,0.19797116096287884,299,1,0,2
-0.7127344491769334,1,11,2,-1.3952490469293595,3,0.8592897995348773,-0.10527437459868337,-1.1783679762525023,35,1,2,1
-0.6381254314129741,1,14,0,-1.1699921435063685,3,-1.2027159490075487,-0.10527437459868337,-1.0844594374281524,289,1,2,2
-0.13052050273944163,1,40,1,-0.8321067883718818,0,-0.2289910121958476,-0.10527437459868337,1.0426356509142944,30,2,2,1
0.17818029934709026,1,26,0,0.012606599464334787,1,-1.532064089399742,-0.10527437459868337,-0.18466609861708405,88,2,0,3
3.2568007968021133,1,8,1,0.7446915355890559,2,-1.5463835737646199,-0.10527437459868337,-0.9575178736239156,87,3,1,3
0.02361022507165001,1,12,2,-0.2689645298144041,1,-0.3005884340202374,-0.10527437459868337,-0.7984572929354937,75,2,0,1
0.2769134320625652,1,42,2,-0.8321067883718818,1,-0.8447288398855999,-0.10527437459868337,0.3210584427410135,35,2,2,1
0.4165856671378146,1,19,2,1.0825768907235425,2,0.6444975340617078,-0.10527437459868337,0.23150109738634492,322,2,1,2
0.4446639002684694,1,28,0,1.7583476009925159,2,-1.088160074088525,-0.10527437459868337,0.7175294079497319,112,2,1,3
-0.9909206422850578,1,35,0,-1.1699921435063685,3,0.45834423731829443,-0.10527437459868337,-0.8909755095860991,160,0,2,3
-0.9209047921029269,1,7,1,1.2515195682907858,2,0.4440247529534165,-0.10527437459868337,-0.5843322301547219,177,0,1,0
0.28486160900851165,1,38,2,0.6883773097333081,2,0.12899609692610137,-0.10527437459868337,-0.4724550645700734,298,2,1,2
0.1671566971507023,1,40,2,1.5894049234252725,2,-0.5440196682231627,-0.10527437459868337,0.35828818094905485,146,2,1,3
-0.8122663936457699,1,18,0,-1.057363691794873,3,-0.6156170900475525,-0.10527437459868337,-1.2219520017286933,59,0,2,1
0.4485780778599406,1,23,2,-1.0010494659391251,1,-0.28626894965535943,-0.10527437459868337,1.1942631573145688,152,2,2,3
-0.2384799112062413,1,6,0,-1.4515632727851073,3,-1.0595211053587692,-0.10527437459868337,-0.9540291948360944,225,2,2,0
-0.30945433549240603,1,9,0,-1.3389348210736118,3,0.4440247529534165,-0.10527437459868337,-1.133764381182232,171,1,2,0
-0.8825618279415773,1,5,0,-0.043707626391412985,0,-0.6299365744124305,-0.10527437459868337,-0.003666748961115801,73,0,0,1
-0.1133061094545024,0,37,1,1.1388911165792903,2,-1.2886328551968165,-0.10527437459868337,-0.5278542538523987,189,2,1,0
-0.5381541404797887,1,35,0,-0.6631641108046386,1,0.37242733112902665,-0.10527437459868337,0.7039814907678013,23,1,2,1
2.9692285655919917,1,13,0,-0.9447352400833774,3,-0.45810276203389494,-0.10527437459868337,-1.02738671219595,308,3,2,2
0.22550989573375596,1,36,0,0.8573199873005514,2,-0.3005884340202374,-0.10527437459868337,0.4379433428218334,87,2,1,3
0.22075696580125534,1,35,2,0.5757488580218125,2,0.34378836239927074,-0.10527437459868337,-0.940501875019701,162,2,1,3
-0.16179398288354227,1,28,1,-1.282620595217864,3,-1.489105636305108,-0.10527437459868337,-1.1061536126799474,55,2,2,1
0.5610907133209007,0,30,1,-1.0010494659391251,3,0.15763506565585728,-0.10527437459868337,-0.924603283495866,174,3,2,0
0.1675561030273829,1,35,0,0.2941777287430737,0,0.4440247529534165,-0.10527437459868337,1.3284807404947343,354,2,0,2
0.42649093287949663,1,11,1,-0.15633607810290853,1,0.7590534089807316,-0.10527437459868337,-1.1424281480612126,318,2,0,2
2.1699774657661943,0,14,1,0.9136342131562992,0,0.5585806278724401,-0.10527437459868337,0.23553818103158763,65,3,1,1
0.7886322412659091,0,16,2,0.6320630838775603,1,-0.9879236835343794,-0.10527437459868337,-0.7598835766261662,133,3,1,3
1.0600285344704616,0,16,1,-0.10002185224716076,0,-0.38650534020950517,-0.10527437459868337,0.2321911091318329,150,3,0,3
-0.7889011498599474,1,13,0,1.5894049234252725,2,-0.6156170900475525,-0.10527437459868337,0.3250800783621034,25,1,1,1
-0.9229417620739986,1,36,1,0.6883773097333081,1,-0.9592847148046235,-0.10527437459868337,-0.6540723351921502,61,0,1,1
0.2016254243082488,1,37,0,0.9136342131562992,0,-0.9306457460748676,-0.10527437459868337,1.409763094244932,175,2,1,0
0.6728844182038355,1,19,0,0.40680618045456923,0,0.601539080967074,-0.10527437459868337,-1.1307906365328346,341,3,0,2
-0.8843990949743088,1,14,2,1.5330906975695247,2,0.4440247529534165,-0.10527437459868337,-0.3656860456385891,309,0,1,2
-0.47492819020123017,1,34,1,-0.9447352400833774,3,-1.47478615194023,-0.10527437459868337,-0.9263180141768171,220,1,2,0
-0.7034682328379406,0,10,2,1.0825768907235425,0,-0.6299365744124305,-0.10527437459868337,2.3891601015149373,201,1,1,0
-0.8601152176721206,1,31,0,1.6457191492810201,2,-0.3435468871148713,-0.10527437459868337,0.49040225817375876,263,0,1,2
-0.9989487004063404,1,38,0,1.9272902785597592,2,-0.24331049656072556,-0.10527437459868337,-0.40920827901816925,26,0,1,1
-0.4136992693060751,1,15,2,1.9836045044155068,2,-0.7874509024260881,-0.10527437459868337,-0.05060557034913782,328,1,1,2
-0.4042333500287419,1,38,1,-0.38159298152589965,1,-0.2003520434660917,-0.10527437459868337,1.0415517145529125,247,1,0,0
-0.7545522444654051,1,13,2,0.06892082532008256,1,0.7876923777104875,-0.10527437459868337,-0.6545949933426504,198,1,0,0
1.1606788153940037,1,8,2,0.463120406310317,2,-1.503425120669986,-0.10527437459868337,-0.342560353481976,348,3,0,2
-0.5560075831674172,0,31,2,1.3078337941465337,2,-0.21467152783096966,-0.10527437459868337,-0.24004211586318025,41,1,1,1
0.717378232866068,0,41,1,-0.9447352400833774,1,1.0597625806431688,-0.10527437459868337,0.5599363895558177,186,3,2,0
-0.7025495993215749,1,1,2,1.195205342435038,2,0.3867468154939046,-0.10527437459868337,0.3657624499682764,358,1,1,2
0.09302696643875988,1,12,2,-0.043707626391412985,0,-0.9736041991695015,-0.10527437459868337,0.7171921260890641,332,2,0,2
-0.0454470510064473,1,4,2,0.5194346321660648,1,0.18627403438561319,-0.10527437459868337,0.4303120188903927,14,2,1,1
0.2724800268314093,1,36,2,-0.8884210142276296,1,-0.9879236835343794,-0.10527437459868337,-0.7770849515202135,285,2,2,2
0.5360080242653511,1,20,0,-0.2126503039586563,0,-0.443783277669017,-0.10527437459868337,1.5443951994065286,170,3,0,3
-0.6634477639945321,1,32,1,-0.550535659093143,0,-0.11443513727682394,-0.10527437459868337,1.0243039955864073,348,1,2,2
0.155973332603642,1,7,0,0.463120406310317,1,-0.4724222463987729,-0.10527437459868337,-0.1128430849897314,97,2,0,3
-0.06665550305819377,1,13,1,-0.4379072073816474,1,0.3294688780343928,-0.10527437459868337,0.6242954328467171,146,2,0,3
-0.7387357717488485,1,9,0,-0.8884210142276296,1,0.3581078467641487,-0.10527437459868337,0.3200749185366241,92,1,2,3
-0.06094399902165939,1,28,1,1.0262626648677948,0,-0.01419874672267823,-0.10527437459868337,2.1826895347018356,240,2,1,0
-0.8500102489920983,1,10,0,1.6457191492810201,2,1.589583502143653,-0.10527437459868337,-0.9677496149543967,128,0,1,3
-0.40491234001909915,1,16,0,0.6883773097333081,2,-0.42946379330413903,-0.10527437459868337,-0.3558018848515441,48,1,1,1
-0.31093213723612473,1,11,2,0.6883773097333081,0,0.3294688780343928,-0.10527437459868337,0.24651657686278308,59,1,1,1
-0.9036504582303196,1,9,1,1.0262626648677948,2,0.20059351875049114,-0.10527437459868337,-0.2105595617677251,348,0,1,2
0.6332234146494395,1,17,0,0.6320630838775603,2,0.21491300311536912,-0.10527437459868337,-0.33680596448508987,175,3,1,0
-0.8091510278076601,0,17,1,1.0825768907235425,2,0.6158585653319519,-0.10527437459868337,0.32009551590216107,123,0,1,3
-0.37755303746646957,0,21,2,-1.2263063693621163,3,-1.503425120669986,-0.10527437459868337,-0.9933392669633678,31,1,2,1
1.4020797272598338,1,2,2,-0.043707626391412985,0,-0.1573935903714578,-0.10527437459868337,1.740410028538935,69,3,0,1
-0.035661607027769604,1,35,2,-0.8884210142276296,0,0.8306508308051214,-0.10527437459868337,1.106968947498273,321,2,2,2
0.33930063000009436,1,17,0,1.9836045044155068,2,-1.0308821366290133,-0.10527437459868337,0.23007730449360317,72,2,1,1
1.1296449787759115,0,22,2,0.2941777287430737,1,-0.38650534020950517,-0.10527437459868337,-1.1050851243427182,267,3,0,2
0.298241705877316,1,6,0,1.9836045044155068,2,-1.0595211053587692,9.498987800327424,-0.3723827641087908,299,2,1,2
-0.5789734210765588,1,7,1,-0.9447352400833774,3,0.587219596602196,-0.10527437459868337,-1.2333500688827044,222,1,2,0
-1.00869420379735,0,26,2,-0.2689645298144041,1,-1.4604666675753522,-0.10527437459868337,-1.1925209410470807,57,0,0,1
-0.7871437640025523,0,27,1,0.463120406310317,0,-0.8733678086153558,-0.10527437459868337,0.7473852892955442,349,1,0,2
-1.0730784311182828,1,23,0,1.3078337941465337,2,1.1313600024675585,-0.10527437459868337,-0.23397361704185551,311,0,1,2
-0.3930499854816817,1,29,0,-1.5078774986408552,3,-1.4318276988455962,-0.10527437459868337,0.9683126320448943,43,1,2,1
-0.647431588339635,1,37,1,-1.0010494659391251,1,-0.1573935903714578,-0.10527437459868337,-1.0823327594364622,164,1,2,3
-0.46206732097211084,1,38,2,0.06892082532008256,0,2.2482797829280394,-0.10527437459868337,1.0752850499610562,118,1,0,3
1.0601483562334657,0,26,1,1.4204622458580292,2,-0.801770386790966,-0.10527437459868337,-0.7430220582634787,124,3,1,3
0.16036679724713004,0,34,2,1.2515195682907858,0,-1.47478615194023,-0.10527437459868337,2.453483099416147,95,2,1,3
0.014663533434001749,1,15,1,0.012606599464334787,1,-1.2886328551968165,-0.10527437459868337,1.1904294726540037,61,2,0,1
-1.0110107578820984,1,36,0,-0.8884210142276296,1,-1.3029523395616944,-0.10527437459868337,-0.6060186813944406,63,0,2,1
1.236286347849665,1,23,0,-0.4942214332373952,0,-0.4724222463987729,-0.10527437459868337,0.39783254810931096,354,3,0,2
0.37980038589551995,1,36,0,0.5757488580218125,2,0.34378836239927074,-0.10527437459868337,-0.4830343864439906,11,2,1,1
-0.8553223471519519,1,14,0,-1.3952490469293595,3,0.4153857842236605,-0.10527437459868337,-0.8839878533276881,55,0,2,1
0.42485336878510555,1,7,2,0.5194346321660648,1,2.377155142211941,-0.10527437459868337,0.8396357401941693,220,2,1,0
-0.1204155340594193,0,6,1,1.1388911165792903,2,0.42970526858853847,-0.10527437459868337,-0.6432381209197133,80,2,1,1
-0.9127968528063082,0,18,1,-1.5078774986408552,3,0.24355197184512503,-0.10527437459868337,-1.173512147327166,228,0,2,0
-1.0910516955689156,0,29,1,0.8573199873005514,2,0.00012073764219972925,-0.10527437459868337,0.23362262603665096,205,0,1,0
-0.8640293952635917,1,28,1,-0.6068498849488907,1,-0.8733678086153558,-0.10527437459868337,0.5590867482274184,88,0,2,3
0.522707808571883,1,23,1,-1.057363691794873,1,1.7470978301573108,-0.10527437459868337,0.44734861486014443,126,3,2,3
0.9876561896159143,1,12,1,0.7446915355890559,0,-0.6156170900475525,-0.10527437459868337,2.0359796493235085,203,3,1,0
-0.6724343962198484,1,25,0,-1.057363691794873,3,1.8330147363465785,-0.10527437459868337,0.6404978355122223,17,1,2,1
-0.8279231040116543,1,26,1,1.0262626648677948,2,-1.0022431678992574,-0.10527437459868337,0.57166401455842,92,0,1,3
-0.6090087430029493,1,21,2,0.40680618045456923,2,-0.5726586369529186,-0.10527437459868337,0.4124129082387811,304,1,0,2
0.1866077633450536,1,41,0,0.5194346321660648,2,-1.2743133708319385,-0.10527437459868337,-0.7368479979437773,104,2,1,3
-0.949102846996586,1,2,2,1.4204622458580292,2,0.6301780496968299,-0.10527437459868337,-0.4081603880464769,81,0,1,1
-0.47776397192566333,0,29,1,0.7446915355890559,1,-1.0452016209938912,-0.10527437459868337,0.8297155340174345,276,1,1,2
-0.7830298834727409,0,39,2,-1.282620595217864,3,-0.7301729649665761,-0.10527437459868337,-0.8484805698126744,263,1,2,2
-0.3334985692685857,1,18,1,-0.4379072073816474,1,0.8163313464402434,-0.10527437459868337,-0.3149341369555387,345,1,0,2
-1.0408064362824803,1,29,2,1.9272902785597592,2,0.6588170184265858,-0.10527437459868337,0.6388165755502686,101,0,1,3
0.785756518953808,1,38,0,0.6883773097333081,2,1.3604717523056058,-0.10527437459868337,-0.9334884720543687,262,3,1,2
1.4395839390801537,1,9,1,1.9272902785597592,2,0.4726637216831724,-0.10527437459868337,-0.23353592302419535,148,3,1,3
-0.494179553457241,0,32,1,1.195205342435038,2,0.7876923777104875,-0.10527437459868337,-0.0764295173910918,200,1,1,0
-0.36233567356493396,1,40,1,-1.5078774986408552,3,0.2865104249397589,-0.10527437459868337,1.1860757045136303,253,1,2,0
1.4648663310740437,1,1,2,-1.1699921435063685,3,-0.9163262617099897,-0.10527437459868337,-0.8057049909338088,55,3,2,1
-0.20233367936663582,1,2,1,-0.2126503039586563,0,0.7017754715212197,-0.10527437459868337,1.314698528279821,82,2,0,1
0.11056088442504362,1,31,0,-1.282620595217864,3,1.4750276272246294,-0.10527437459868337,-1.0723868065528064,27,2,2,1
-0.17661194090839719,0,26,1,-0.15633607810290853,0,-1.1740769802777928,-0.10527437459868337,0.6074236158012611,315,2,0,2
2.060180790266663,1,22,2,1.3078337941465337,0,-0.6156170900475525,-0.10527437459868337,2.1316183668529622,202,3,1,0
-0.2121990045206497,1,15,0,0.40680618045456923,0,-0.3721858558446272,-0.10527437459868337,0.8665050035371232,71,2,0,1
-0.24958339457796544,0,40,0,-1.2263063693621163,3,-0.801770386790966,-0.10527437459868337,-1.0603218996895365,321,2,2,2
-0.45475819342885354,0,3,1,1.0262626648677948,2,-0.11443513727682394,-0.10527437459868337,0.4747250883294461,308,1,1,2
-0.32882552051142117,1,17,1,-0.6068498849488907,1,-0.4008248245743831,-0.10527437459868337,-0.962911808723905,87,1,2,3
-0.1989786700025177,1,34,2,-0.6068498849488907,0,2.2625992672929174,-0.10527437459868337,1.646599327200886,311,2,2,2
-0.06957116595796313,1,28,2,-1.057363691794873,3,-0.2719494652904815,-0.10527437459868337,-1.08025242551723,66,2,2,1
-0.8699406022384665,0,9,2,-0.4942214332373952,0,-0.9163262617099897,-0.10527437459868337,1.2476618274691174,354,0,0,2
-0.9054078440877148,1,8,2,1.0825768907235425,2,0.34378836239927074,-0.10527437459868337,-0.09710669771949965,358,0,1,2
3.1857864319282805,1,17,1,-1.3952490469293595,3,-0.4008248245743831,-0.10527437459868337,-1.1789704491944581,215,3,2,0
-0.6565380423279554,0,35,2,1.5894049234252725,2,-1.2599938864670606,-0.10527437459868337,-0.3352560127284342,56,1,1,1
-1.060457205415172,1,31,0,-1.3389348210736118,3,0.17195455002073523,-0.10527437459868337,-1.2331955886411772,90,0,2,3
0.20697746305577042,1,34,1,0.5757488580218125,0,-1.503425120669986,-0.10527437459868337,1.7826886959742219,157,2,1,3
-0.4915834152588163,1,23,0,0.9136342131562992,2,-0.5297001838582848,-0.10527437459868337,0.25735851514729646,130,1,1,3
-0.1752539609276827,1,6,2,-1.3952490469293595,3,2.5489889545904765,-0.10527437459868337,-0.8800460324980538,91,2,2,3
-0.5412695063178984,1,6,0,-1.5078774986408552,3,-0.042837715452434144,-0.10527437459868337,-0.8785552981673168,131,1,2,3
-0.2727489354254475,1,11,1,0.5757488580218125,1,0.10035712819634544,-0.10527437459868337,0.836646547520619,274,2,1,2
3.436134035431759,1,3,0,-1.057363691794873,3,0.3581078467641487,-0.10527437459868337,-0.8962046657617929,100,3,2,3
-0.06461853308712212,1,35,0,-0.15633607810290853,1,0.6158585653319519,-0.10527437459868337,0.25492030200185967,150,2,0,3
-0.7009919164025201,1,13,0,0.012606599464334787,0,-0.2003520434660917,-0.10527437459868337,2.255941490563314,299,1,0,2
-0.7133734985796226,1,13,0,-0.7194783366603863,0,-0.02851823108755619,-0.10527437459868337,1.2835398635637962,79,1,2,1
-0.7586261844075486,1,1,1,-1.3389348210736118,3,1.9046121581709683,-0.10527437459868337,-0.9281640530630665,202,1,2,0
-0.7745624788871096,1,29,1,-0.7194783366603863,0,0.5585806278724401,-0.10527437459868337,2.0783098101726374,356,1,2,2
-0.03901661639188759,1,5,2,0.06892082532008256,1,-1.131118527183159,-0.10527437459868337,-0.20080670918597818,339,2,0,2
2.367403790609476,1,12,0,-0.8884210142276296,0,-1.145438011548037,-0.10527437459868337,-1.0825773531522136,278,3,2,2
-0.49126389055747177,0,40,0,-0.38159298152589965,1,2.1480433923738937,-0.10527437459868337,0.47953972252370863,319,1,0,2
-0.45056443172370597,1,21,1,1.8709760527040113,2,-0.1287546216417019,-0.10527437459868337,-0.4006912683686395,47,1,1,1
1.9203487928407417,1,37,0,1.3641480200022813,2,-0.4151443089392611,-0.10527437459868337,0.27154495066087225,290,3,1,2
-0.693203501807246,1,18,2,-0.9447352400833774,1,0.9881651588187789,-0.10527437459868337,1.1627646360671844,307,1,2,2
1.2245837556629198,1,18,2,0.5757488580218125,1,0.2865104249397589,-0.10527437459868337,0.3229070562979551,9,3,1,1
-0.2925994074964795,1,42,2,1.8146618268482635,2,0.5729001122373181,-0.10527437459868337,-0.1951965017478508,59,1,1,1
-0.89390495483931,1,27,2,0.6320630838775603,2,0.6588170184265858,-0.10527437459868337,0.17083670653863622,294,0,1,2
3.3196273412039914,1,20,1,-0.8321067883718818,1,2.047807001819748,-0.10527437459868337,1.067733540821071,13,3,2,1
-0.8961416277487221,0,5,2,1.3078337941465337,2,-1.503425120669986,-0.10527437459868337,0.315553796801263,89,0,1,3
-0.627660997443939,1,32,0,0.23786350288732588,0,-0.2003520434660917,-0.10527437459868337,0.07564855638030332,326,1,0,2
-0.2257388637401262,1,16,2,-0.775792562516134,1,-1.3029523395616944,-0.10527437459868337,0.7789250052740024,217,2,2,0
-0.6322941056134356,1,30,0,0.012606599464334787,0,-0.45810276203389494,-0.10527437459868337,1.2070798680199375,174,1,0,0
-0.37543618632006176,1,33,0,-1.3389348210736118,3,-0.6442560587773084,-0.10527437459868337,-1.2802682929051894,188,1,2,0
2.3227901541842395,1,17,2,0.8573199873005514,1,1.5466250490490192,-0.10527437459868337,0.49060050781705206,347,3,1,2
-1.0618551259835545,0,37,2,-0.2126503039586563,1,0.12899609692610137,-0.10527437459868337,-0.708874200873904,173,0,0,0
-0.862511652932205,1,8,1,1.702033375136768,2,0.6444975340617078,-0.10527437459868337,-0.20997253684992204,271,0,1,2
-0.6959194617686749,0,25,1,0.23786350288732588,1,0.4440247529534165,-0.10527437459868337,1.0662762772093313,19,1,0,1
-1.1027942283433287,1,1,1,0.5757488580218125,2,1.1027210337378026,-0.10527437459868337,0.6263577440711046,310,0,1,2
0.5905668670199381,0,7,2,-1.057363691794873,1,0.7590534089807316,-0.10527437459868337,1.2283080278764587,136,3,2,3
-0.864149217026596,1,7,0,0.40680618045456923,2,1.704139377062677,-0.10527437459868337,0.27787606589279296,215,0,0,0
-0.8511685260344725,1,29,0,0.35049195459882143,0,-1.1740769802777928,-0.10527437459868337,1.9130339744334401,181,0,0,0
0.9813455767643586,1,17,2,0.463120406310317,2,-0.5153806994934068,-0.10527437459868337,-0.13487711677288608,15,3,0,1
-0.9068856458314335,1,19,1,1.1388911165792903,2,0.6444975340617078,-0.10527437459868337,-0.9244591019371071,263,0,1,2
-0.6679610504010243,1,11,1,-1.4515632727851073,3,-0.3435468871148713,-0.10527437459868337,-0.9430276269686696,116,1,2,3
-0.890070658423175,0,30,1,-1.2263063693621163,3,-1.2170354333724267,-0.10527437459868337,-1.0243460261085573,291,0,2,2
-0.7890609122106198,1,18,2,1.3078337941465337,0,-0.057157199817312106,-0.10527437459868337,1.330790220105565,111,0,1,3
-1.040566792756472,0,11,2,-0.8321067883718818,0,0.3867468154939046,-0.10527437459868337,-1.1778659154675393,277,0,2,2
-0.8335547268728525,1,29,1,-0.8884210142276296,0,0.5442611435075622,-0.10527437459868337,2.260946650388793,275,0,2,2
-0.4799207636597392,1,27,1,-1.3952490469293595,3,2.3055577203875512,-0.10527437459868337,-0.9176645459806051,64,1,2,1
1.4620704899372785,0,11,2,-1.5078774986408552,3,-0.2003520434660917,-0.10527437459868337,-1.0461483375294214,337,3,2,2
0.20378221604232458,0,36,2,-0.15633607810290853,1,-1.2599938864670606,-0.10527437459868337,-0.5843270808133377,157,2,0,3
-0.817338848279615,1,39,2,1.3641480200022813,2,-1.0738405897236472,-0.10527437459868337,0.28496413430819684,237,0,1,0
0.309305248661372,1,11,1,0.35049195459882143,0,2.2912382360226733,-0.10527437459868337,1.2955610010253003,76,2,0,1
2.0631763343417684,0,20,0,-1.282620595217864,3,1.9046121581709683,-0.10527437459868337,-0.954150204358624,50,3,2,1
-0.9909206422850578,1,11,0,-1.0010494659391251,1,-0.7158534806016982,-0.10527437459868337,0.6915097859351768,245,0,2,0
1.5043675722777674,1,24,2,-0.4379072073816474,1,-0.2719494652904815,-0.10527437459868337,-0.3149650330038441,333,3,0,2
0.3559159144700126,0,32,2,-1.3389348210736118,3,-0.38650534020950517,-0.10527437459868337,-0.9138849294045743,195,2,2,0
-0.17405574329764048,1,4,2,1.5330906975695247,2,0.3294688780343928,-0.10527437459868337,-0.09279927365158461,4,2,1,1
0.776929649079164,1,33,0,-1.5078774986408552,3,0.27219094057488097,-0.10527437459868337,-1.046768833166222,142,3,2,3
-0.25529489861449983,0,13,1,1.5894049234252725,2,-0.2719494652904815,-0.10527437459868337,-0.7975638822053284,184,2,1,0
-0.09229736034109623,1,31,0,0.1815492770315781,1,-1.0452016209938912,-0.10527437459868337,-0.6752773230124427,266,2,0,2
1.199860531896383,1,38,0,-0.4379072073816474,0,-0.801770386790966,-0.10527437459868337,2.540689770428911,14,3,0,1
-0.42759859381456433,1,6,0,-1.0010494659391251,3,2.090765454914382,-0.10527437459868337,-0.8085731740848293,69,1,2,1
0.21284872944297717,0,26,1,1.0825768907235425,2,-0.08579616854706802,-0.10527437459868337,-0.6654807010289296,251,2,1,0
-0.579093242839563,0,31,0,-0.550535659093143,1,-1.0308821366290133,-0.10527437459868337,0.6045245366019351,137,1,2,3
1.5793360553307392,0,7,1,0.06892082532008256,1,-0.01419874672267823,-0.10527437459868337,0.07120210009501388,318,3,0,2
-0.8119069283567572,1,22,2,-1.5078774986408552,3,-0.758811933696332,-0.10527437459868337,-0.8804708531622535,305,0,2,2
-0.3200785318121133,1,40,2,-0.9447352400833774,1,0.22923248748024708,-0.10527437459868337,-0.5136600943267464,219,1,2,0
-1.0231526965331923,1,8,1,1.4204622458580292,2,0.8736092838997552,-0.10527437459868337,-0.4230780300366146,203,0,1,0
-0.23544442654346784,1,15,0,0.969948439012047,0,-0.2003520434660917,-0.10527437459868337,1.2441499766450672,270,2,1,2
1.679507049202265,1,27,2,-0.043707626391412985,1,0.48698320604805034,-0.10527437459868337,0.44130586274574096,48,3,0,1
-0.5165063419636935,1,40,1,-1.3952490469293595,3,-1.2027159490075487,-0.10527437459868337,-0.9323710649739889,16,1,2,1
-1.0187192913020362,1,35,1,-1.4515632727851073,3,-0.9020067773451117,-0.10527437459868337,0.12201580087467509,150,0,2,3
-1.1041921489117112,1,7,0,-1.1136779176506206,3,0.2865104249397589,-0.10527437459868337,-0.9662099618805094,358,0,2,2
1.9162748528985982,1,1,1,1.1388911165792903,0,1.2029574242919483,-0.10527437459868337,1.4014597812628482,282,3,1,2
-0.9526176187113764,0,41,2,-1.1136779176506206,3,0.37242733112902665,-0.10527437459868337,-0.8986557522606902,348,0,2,2
-0.9779798918806024,1,5,2,-0.775792562516134,0,-1.5607030581294978,-0.10527437459868337,0.9130318776144066,190,0,2,0
2.9772965643009424,0,38,1,0.969948439012047,0,0.5585806278724401,-0.10527437459868337,-1.2621632085982084,263,3,1,2
-1.0251896665042641,1,5,1,-1.282620595217864,3,-0.8590483242504778,-0.10527437459868337,-1.0712153313878923,174,0,2,0
1.5368792106395783,1,1,1,-1.2263063693621163,3,1.4320691741299956,-0.10527437459868337,-0.8016473099230291,71,3,2,1
0.04573731063976199,1,20,0,0.5757488580218125,1,-0.1287546216417019,-0.10527437459868337,0.9594609142053891,201,2,1,0
-0.9676352796745716,1,4,1,-0.8321067883718818,0,-0.2003520434660917,-0.10527437459868337,2.373974693772819,54,0,2,1
-0.24998280045464624,0,20,0,0.06892082532008256,0,-1.3315913082914503,-0.10527437459868337,0.06654194614227833,76,2,0,1
-1.0062578279495977,1,21,1,0.6883773097333081,1,-0.758811933696332,-0.10527437459868337,0.9026997241269327,317,0,1,2
1.359343298454996,1,22,0,-0.2126503039586563,1,-1.131118527183159,-0.10527437459868337,0.20510042410935633,234,3,0,0
0.6752808534639196,1,15,0,1.0262626648677948,2,-0.6012976056826745,-0.10527437459868337,0.7089686278984361,79,3,1,1
0.4018076497006278,1,33,1,-0.6631641108046386,1,1.2172769086568263,-0.10527437459868337,-0.7351358419335181,30,2,2,1
-1.0635326306656134,1,31,2,-0.8321067883718818,1,-1.088160074088525,-0.10527437459868337,0.4822534254332021,256,0,2,0
-0.007423611546442423,1,13,0,-0.4942214332373952,0,-0.7444924493314541,-0.10527437459868337,1.181201852893449,349,2,0,2
-0.38965503552989555,1,30,2,1.8709760527040113,2,-0.5440196682231627,-0.10527437459868337,0.20585737729283946,180,1,1,0
-0.9784591789326192,1,18,1,-0.043707626391412985,0,-1.0595211053587692,-0.10527437459868337,0.7048543041324297,185,0,0,0
-0.01357446204732543,1,32,1,1.9272902785597592,2,-0.14307410600657985,-0.10527437459868337,-0.1458323405678524,324,2,1,2
0.3919423245466138,1,13,1,-1.4515632727851073,3,-1.2456744021021826,-0.10527437459868337,-0.9790807406704125,128,2,2,3
0.44598193966151595,1,14,0,-1.2263063693621163,3,0.5156221747778063,-0.10527437459868337,-0.8470825236268538,129,2,2,3
0.860804883182116,1,16,0,-1.1136779176506206,3,-1.1597574959129149,-0.10527437459868337,-1.1669184156846488,180,3,2,0
-0.5131113920119074,1,23,0,0.6883773097333081,0,-1.3459107926563285,-0.10527437459868337,0.6932013445798989,141,1,1,3
0.4566860171565594,1,14,1,0.2941777287430737,1,-0.2289910121958476,-0.10527437459868337,-0.6961038342409935,21,2,0,1
-0.3647720494126863,0,14,1,-0.2126503039586563,1,-0.9449652304397456,-0.10527437459868337,-1.2120317955519588,201,1,0,0
0.1803770316688343,1,17,0,-1.0010494659391251,3,-0.8876872929802337,-0.10527437459868337,-0.9967944750321914,301,2,2,2
-1.0266674682479828,1,24,1,-1.5078774986408552,3,-1.3888692457509624,-0.10527437459868337,-1.1106155169893897,195,0,2,0
-0.312729463681188,1,15,0,0.9136342131562992,2,2.1480433923738937,-0.10527437459868337,-0.11613866347564358,58,1,1,1
-0.6913262941868464,0,21,2,1.0262626648677948,2,-0.1573935903714578,-0.10527437459868337,-0.025922202423792645,202,1,1,0
-0.8845189167373129,1,39,2,-0.32527875567015185,1,-0.7301729649665761,-0.10527437459868337,0.060887969302384916,36,0,0,1
-1.0646110265326516,1,16,0,-0.775792562516134,0,0.8449703151699993,-0.10527437459868337,1.4405226850036785,261,0,2,0
-0.7259947242827334,1,21,1,-0.6631641108046386,1,-0.9736041991695015,-0.10527437459868337,-0.6887840454632992,230,1,2,0
0.7978185764295659,1,8,2,-1.0010494659391251,1,2.2769187516577953,-0.10527437459868337,0.3754123157223384,71,3,2,1
-1.0712811046732196,0,37,2,0.40680618045456923,2,-0.801770386790966,-0.10527437459868337,-0.596942967204721,213,0,0,0
-1.0221142412538224,1,21,2,0.6883773097333081,0,-0.28626894965535943,-0.10527437459868337,-1.1460017909818738,137,0,1,3
0.0038396341759539755,1,17,1,-0.9447352400833774,3,-1.3315913082914503,-0.10527437459868337,-0.9688721713761606,74,2,2,1
0.4424671679467256,0,20,2,1.5894049234252725,2,-1.131118527183159,-0.10527437459868337,-0.5375530383496112,69,2,1,1
-0.24734672166855348,1,11,0,-1.0010494659391251,3,1.3891107210353617,-0.10527437459868337,-0.9081949071749912,289,2,2,2
-0.3313018369468417,1,25,0,1.195205342435038,0,0.601539080967074,-0.10527437459868337,2.3908156147699695,185,1,1,0
-0.9570510239425325,1,24,0,-1.3952490469293595,3,-0.14307410600657985,-0.10527437459868337,-0.8673735033514439,344,0,2,2
-1.0293834282094116,1,5,1,1.0825768907235425,2,0.043079190736833604,-0.10527437459868337,-1.0422992048447033,248,0,1,0
-0.7827103587713963,1,15,2,-0.2126503039586563,1,-0.2289910121958476,-0.10527437459868337,0.5361696043968668,41,1,0,1
0.1486642050603848,0,41,1,0.7446915355890559,1,1.5609445334138972,-0.10527437459868337,1.2393121704145758,278,2,1,2
0.7561605434917663,1,19,0,0.7446915355890559,0,-1.5463835737646199,-0.10527437459868337,1.494631964269252,177,3,1,0
0.478054231558978,1,20,0,-1.282620595217864,3,-0.2719494652904815,-0.10527437459868337,-1.1303967119169402,8,3,2,1
0.7794858466899207,1,27,1,0.5757488580218125,1,-0.45810276203389494,-0.10527437459868337,0.5197869747829134,216,3,1,0
-0.8394259932600591,1,16,2,0.8010057614448036,0,-1.503425120669986,-0.10527437459868337,1.0088894421526904,269,0,1,2
-0.6975570258630658,1,0,1,1.9272902785597592,2,0.00012073764219972925,-0.10527437459868337,-0.11664072426060698,9,1,1,1
0.7036386707082511,1,39,1,1.195205342435038,0,0.40106629985878256,-0.10527437459868337,0.3234966558864503,153,3,1,3
-0.04053435872327432,1,39,0,-1.057363691794873,3,0.7304144402509757,-0.10527437459868337,-0.9596702983225271,91,2,2,3
-0.6632480610561917,1,4,0,1.195205342435038,0,-1.088160074088525,-0.10527437459868337,2.379031347012141,84,1,1,1
-0.6236669386771319,1,31,0,1.3078337941465337,0,0.5585806278724401,-0.10527437459868337,2.0290460611496317,229,1,1,0
-0.2557741856665167,1,23,1,0.35049195459882143,2,-0.35786637147974926,-0.10527437459868337,-0.07056184288375253,303,2,0,2
-0.3572232783434207,1,26,0,0.8573199873005514,1,0.8736092838997552,-0.10527437459868337,-0.760916019573706,272,1,1,2
0.7770894114298363,0,38,2,-0.6068498849488907,0,0.31514939366951483,-0.10527437459868337,2.503447158867409,37,3,2,1
-0.7729648553803865,1,26,0,0.6883773097333081,1,-1.0308821366290133,-0.10527437459868337,-0.012531340154081484,162,1,1,3
-0.26032741266067705,1,2,1,1.5330906975695247,2,-0.2003520434660917,-0.10527437459868337,0.5445656055238671,143,2,1,3
-0.7115761721345593,1,37,2,1.9272902785597592,2,1.1886379399270703,-0.10527437459868337,-0.6442834372207137,244,1,1,0
2.2447063052931577,0,21,1,0.8573199873005514,0,-0.4724222463987729,-0.10527437459868337,1.6552553700677899,178,3,1,0
-1.0906922302799027,1,36,2,-0.38159298152589965,1,-1.1597574959129149,-0.10527437459868337,0.6984459487797453,91,0,0,3
-0.9067658240684293,0,33,2,0.7446915355890559,0,-0.7874509024260881,-0.10527437459868337,0.6423618970933164,53,0,1,1
-0.5650341559804015,1,14,2,0.6883773097333081,2,2.1480433923738937,-0.10527437459868337,-0.9344977429656792,113,1,1,3
0.36430343788030767,1,33,1,1.3078337941465337,0,-1.2170354333724267,-0.10527437459868337,2.210699377161398,33,2,1,1
-1.0359336845869755,0,34,1,1.0825768907235425,0,0.22923248748024708,-0.10527437459868337,1.8627558051577395,193,0,1,0
-0.5971863290531998,0,41,1,-0.775792562516134,1,-1.0308821366290133,-0.10527437459868337,0.9065462821409587,39,1,2,1
-1.0408064362824803,1,15,2,0.012606599464334787,1,-1.0165626522641353,-0.10527437459868337,-0.7485473015687661,193,0,0,0
0.15896887667874743,1,13,1,-0.043707626391412985,0,-0.5583391525880407,-0.10527437459868337,2.3943841083492465,105,2,0,3
0.7960611905721707,1,5,0,1.9272902785597592,2,-0.057157199817312106,-0.10527437459868337,-0.05554121406593003,166,3,1,3
-0.48223731774448736,1,32,1,-1.1699921435063685,3,0.587219596602196,-0.10527437459868337,0.9968193859480364,196,1,2,0
-0.8874745202247503,0,15,2,-0.6068498849488907,1,2.03348751745487,-0.10527437459868337,-0.339336865775443,295,0,2,2
-1.0447605544616194,1,10,1,-1.0010494659391251,3,-1.1597574959129149,-0.10527437459868337,-1.137955945069002,219,0,2,0
0.30499166519322024,1,19,2,1.4204622458580292,2,0.37242733112902665,-0.10527437459868337,0.4292358065410869,132,2,1,3
0.07920752310560666,1,31,2,1.7583476009925159,2,0.8449703151699993,-0.10527437459868337,0.08738390539498188,224,2,1,0
1.479923932624907,1,29,1,-0.4942214332373952,0,0.028759706371955646,-0.10527437459868337,2.232239072171666,191,3,0,0
-0.8079128695899499,1,12,0,0.23786350288732588,1,0.8449703151699993,-0.10527437459868337,1.168547346441684,65,0,0,1
-0.01357446204732543,1,41,2,-0.9447352400833774,3,-1.2027159490075487,-0.10527437459868337,-1.0506771832768587,203,2,2,0
-0.24570915757416242,0,17,1,0.35049195459882143,2,-0.758811933696332,-0.10527437459868337,-0.37419018293465833,128,2,0,3
2.741726978234651,1,21,0,-0.2126503039586563,1,1.8473342207114565,-0.10527437459868337,0.4120859250608821,229,3,0,0
0.572274077867961,1,21,1,-1.057363691794873,3,-0.9163262617099897,-0.10527437459868337,-0.8576798681956157,187,3,2,0
1.6417232532682684,0,22,1,-1.2263063693621163,3,-1.3888692457509624,-0.10527437459868337,0.020895609441699943,281,3,2,2
0.03139863966692409,0,34,1,0.5757488580218125,0,0.4440247529534165,-0.10527437459868337,2.507213902089979,195,2,1,0
-0.2546957897994787,1,4,0,1.0262626648677948,0,-1.489105636305108,-0.10527437459868337,0.033058353791270215,43,2,1,1
0.7420615160449369,0,19,1,0.35049195459882143,0,0.5729001122373181,-0.10527437459868337,1.3205095600319336,55,3,0,1
-0.5083984026670748,1,8,0,1.5894049234252725,2,0.8163313464402434,-0.10527437459868337,0.6131445340791497,306,1,1,2
0.604266488590087,1,14,1,0.35049195459882143,2,0.17195455002073523,-0.10527437459868337,-0.770756410958985,85,3,0,3
0.12877379240168466,1,5,2,0.7446915355890559,0,0.40106629985878256,-0.10527437459868337,-1.0653811275995506,174,2,1,0
0.3984526403365096,0,23,1,-1.057363691794873,3,-0.6872145118719423,-0.10527437459868337,0.3400852591557731,250,2,2,0
-0.799085999715306,1,41,1,1.3078337941465337,0,0.5442611435075622,-0.10527437459868337,2.3089642587968133,87,0,1,3
-0.5208199254318454,1,32,0,1.0825768907235425,2,2.1910018454685276,-0.10527437459868337,-0.28820133115926677,78,1,1,1
-0.6019791995733685,1,35,1,-1.282620595217864,3,0.3867468154939046,-0.10527437459868337,-1.0680562104486622,132,1,2,3
-0.7028691240229195,1,4,0,-1.1699921435063685,3,-1.0452016209938912,-0.10527437459868337,-1.1345831264623258,232,1,2,0
-0.36884598935482976,1,10,1,0.7446915355890559,0,2.133723908009016,-0.10527437459868337,-1.0178449826109568,282,1,1,2
0.6942925731939221,1,7,0,0.06892082532008256,1,0.8020118620753655,-0.10527437459868337,-0.9664030621824183,261,3,0,0
0.9551844918417715,0,5,0,-1.1136779176506206,3,-0.35786637147974926,-0.10527437459868337,-0.9796394442106023,208,3,2,0
2.4073044376898807,1,34,0,-1.1136779176506206,3,-1.2886328551968165,-0.10527437459868337,-1.248200769434847,74,3,2,1
0.3050316057808883,1,38,2,0.8010057614448036,1,0.6301780496968299,-0.10527437459868337,1.1304911389414727,148,2,1,3
-0.8412632602927905,0,35,1,-1.1136779176506206,3,0.3008299093046369,-0.10527437459868337,-1.004029299677046,53,0,2,1
-0.725195912529372,1,20,1,-0.775792562516134,1,0.7160949558860976,-0.10527437459868337,-1.2287233856489663,69,1,2,1
-0.9322479190006595,1,0,2,-1.0010494659391251,3,-0.4724222463987729,-0.10527437459868337,-0.8504888129525272,358,0,2,2
-0.7160894585410514,1,12,1,0.5194346321660648,1,0.6588170184265858,-0.10527437459868337,0.31243072125172255,133,1,1,3
1.359343298454996,1,4,0,-0.15633607810290853,1,0.12899609692610137,-0.10527437459868337,0.5267720563706323,100,3,0,3
2.4413737589707467,1,35,2,0.969948439012047,2,-0.24331049656072556,-0.10527437459868337,0.7173466063305914,273,3,1,2
-0.6783456031947229,1,29,1,-1.282620595217864,3,0.14331558129097932,-0.10527437459868337,-1.1634271622261356,108,1,2,3
-0.9615643103490247,1,29,0,0.969948439012047,2,-0.7158534806016982,-0.10527437459868337,-0.6505939550870974,39,0,1,1
1.1914330678984197,1,28,2,-0.10002185224716076,0,0.14331558129097932,-0.10527437459868337,-1.255296561862327,309,3,0,2
-0.7685713907368987,1,38,0,-0.4379072073816474,1,-0.7015339962368202,-0.10527437459868337,-0.0963857899257065,352,1,0,2
2.2166280721625027,0,2,1,1.3641480200022813,2,-0.4724222463987729,-0.10527437459868337,0.3881440622948672,24,3,1,1
-1.0766331434207412,0,19,2,0.40680618045456923,2,-0.5010612151285289,-0.10527437459868337,0.5878329465049273,351,0,0,2
-0.6710764162391338,1,13,1,0.6320630838775603,0,-1.3172718239265724,-0.10527437459868337,2.162759008874142,6,1,1,1
-0.18867399838415497,1,2,2,1.9272902785597592,2,0.07171815946658952,-0.10527437459868337,-0.16577573974900647,323,2,1,2
0.33790270943171197,1,11,0,0.5194346321660648,2,-0.11443513727682394,-0.10527437459868337,0.6087392725249341,240,2,1,0
-0.822890589965477,1,6,0,1.3078337941465337,2,-0.9163262617099897,9.498987800327424,0.5447123617533178,87,0,1,3
-0.6185545434556187,1,27,1,0.06892082532008256,0,-0.3005884340202374,-0.10527437459868337,0.5524003284399852,91,1,0,3
1.4586755399854923,1,23,0,1.1388911165792903,0,0.12899609692610137,-0.10527437459868337,1.624086406668997,346,3,1,2
-0.8565605053696621,1,15,1,-1.1136779176506206,3,-1.2599938864670606,-0.10527437459868337,-1.0477729547361483,250,0,2,0
-0.4078280029188684,0,23,0,1.3641480200022813,0,-0.7158534806016982,-0.10527437459868337,0.2392045120971651,134,1,1,3
-0.4366251666275487,0,40,1,-0.7194783366603863,1,-1.5463835737646199,-0.10527437459868337,-0.41488027855290754,356,1,2,2
-1.0618551259835545,1,6,2,1.2515195682907858,2,-0.6585755431421864,-0.10527437459868337,0.3910354174821168,56,0,1,1
0.4183829935828778,0,29,1,0.969948439012047,0,0.40106629985878256,-0.10527437459868337,1.2992093093960329,114,2,1,3
-0.8467351208033164,1,23,0,-0.9447352400833774,3,-0.9306457460748676,-0.10527437459868337,1.0440414211121918,285,0,2,2
1.8084352661948027,0,6,1,1.8146618268482635,2,-0.3721858558446272,-0.10527437459868337,0.32803322564596404,25,3,1,1
-0.7668938860548395,1,18,0,0.969948439012047,2,-1.3172718239265724,-0.10527437459868337,0.25377972288525086,110,1,1,3
1.7944960010986455,1,31,0,-1.5078774986408552,3,2.2625992672929174,-0.10527437459868337,-1.0559269368180892,231,3,2,0
-0.586801776259501,1,33,1,0.012606599464334787,1,-0.801770386790966,-0.10527437459868337,-0.18762439524232877,198,1,0,0
-0.8356316374315923,1,25,0,-1.3952490469293595,3,-1.0308821366290133,-0.10527437459868337,-0.959623954250069,232,0,2,0
-0.8469747643293248,1,34,1,-1.057363691794873,3,-0.6728950275070643,-0.10527437459868337,0.5846197574811629,270,0,2,2
-0.34228549855556156,1,17,1,1.0262626648677948,0,-0.9736041991695015,-0.10527437459868337,-0.8054346505111363,41,1,1,1
-0.25737180917323965,1,14,2,-0.32527875567015185,0,0.043079190736833604,-0.10527437459868337,0.49607425770849717,312,2,0,2
-0.7546321256407413,1,41,0,-0.8321067883718818,1,0.27219094057488097,-0.10527437459868337,-0.3610078689910088,111,1,2,3
-0.9128367933939762,0,2,2,-0.15633607810290853,1,-0.9736041991695015,-0.10527437459868337,-0.7903754016329321,118,0,0,3
0.04705535003280854,1,3,0,-1.0010494659391251,3,1.2459158773865822,-0.10527437459868337,-1.2467692525300287,211,2,2,0
0.4504153448926718,1,12,2,-1.057363691794873,1,-1.0022431678992574,-0.10527437459868337,-0.6417988800028188,231,2,2,0
-0.9147539416020438,1,36,2,-0.4379072073816474,1,1.7614173145221887,-0.10527437459868337,0.9715335450807352,93,0,0,3
0.22570959867209636,1,14,0,1.0262626648677948,2,0.22923248748024708,-0.10527437459868337,-0.8880841543988495,283,2,1,2
3.1831503531421874,1,32,1,1.2515195682907858,2,-0.5726586369529186,-0.10527437459868337,-0.797728661129624,289,3,1,2
-0.7071427669034033,1,24,2,1.9272902785597592,2,-0.9736041991695015,-0.10527437459868337,-0.205992095959906,254,1,1,0
-0.929731661977571,1,35,0,-0.775792562516134,1,0.6444975340617078,-0.10527437459868337,-1.2223433516738955,96,0,2,3
3.510223825556033,0,31,2,0.40680618045456923,0,-1.131118527183159,-0.10527437459868337,-1.1002292954173816,313,3,0,2
-0.7794352305826143,1,13,1,-0.9447352400833774,3,-1.4031887301158403,-0.10527437459868337,-0.8230994661297649,194,1,2,0
3.067961698307467,1,3,2,-1.4515632727851073,3,0.4440247529534165,-0.10527437459868337,-1.17057702273815,335,3,2,2
0.6793947339937312,1,5,2,-0.7194783366603863,1,-0.77313141806121,-0.10527437459868337,0.26345276067554224,112,3,2,3
1.2499060882444777,0,2,1,-1.1136779176506206,3,-1.0165626522641353,-0.10527437459868337,-1.040602496858597,139,3,2,3
-0.3378520933244056,1,25,1,1.476776471713777,2,0.5442611435075622,-0.10527437459868337,-0.7909958972697327,315,1,1,2
-0.52445451890964,1,37,2,-1.057363691794873,3,2.1480433923738937,-0.10527437459868337,-1.2585457962757811,210,1,2,0
-1.0614157795192056,0,27,1,0.6320630838775603,2,-0.7874509024260881,-0.10527437459868337,-0.7848527329983367,272,0,1,2
-0.6988750652561122,1,35,2,0.35049195459882143,0,-0.5869781213177966,-0.10527437459868337,1.0855605606933034,193,1,0,0
-1.0763934998947329,1,4,0,-0.4942214332373952,1,2.2053213298334056,-0.10527437459868337,-0.7387970236577114,192,0,0,0
-0.7903789516036661,1,9,0,1.6457191492810201,2,-0.6728950275070643,-0.10527437459868337,0.37832169360443296,74,0,1,1
0.43795388154023346,1,33,1,0.7446915355890559,2,0.257871456210003,-0.10527437459868337,-0.832551082240534,1,2,1,1
-0.9030513494152985,1,14,1,-1.2263063693621163,3,-0.5297001838582848,-0.10527437459868337,-0.8870723088168466,224,0,2,0
-0.08494829221017088,1,26,0,0.5194346321660648,2,-1.2027159490075487,-0.10527437459868337,0.4634943747704229,322,2,1,2
-1.076513321657737,1,20,1,-0.6068498849488907,0,2.5633084389553544,-0.10527437459868337,-0.9758315062569584,172,0,2,0
-0.17417556506064472,1,21,1,1.0262626648677948,0,-1.5463835737646199,-0.10527437459868337,0.25374110282486917,145,2,1,3
-0.40319489474937203,1,4,1,0.5757488580218125,2,0.10035712819634544,-0.10527437459868337,-0.6923576883839603,46,1,1,1
-0.6178356128775933,1,25,1,-1.3389348210736118,3,0.48698320604805034,-0.10527437459868337,-1.223203291685063,227,1,2,0
-0.7625004214113517,1,14,0,1.702033375136768,2,0.08603764383146749,-0.10527437459868337,-0.5101096234423144,301,1,1,2
-1.0214751918511333,1,37,0,0.5194346321660648,2,-0.6872145118719423,-0.10527437459868337,0.6378768207476451,186,0,1,0
-0.7774382011992107,1,25,1,-1.057363691794873,3,-1.0452016209938912,-0.10527437459868337,-1.240832061914002,48,1,2,1
0.6950913849472837,0,3,1,0.12523505117583034,1,1.4893471115895074,-0.10527437459868337,0.6688964532462953,44,3,0,1
0.08827403650625927,0,38,1,1.0262626648677948,2,-0.9449652304397456,-0.10527437459868337,-0.09643728333954883,195,2,1,0
1.063024078545567,1,20,0,-1.5078774986408552,3,0.043079190736833604,-0.10527437459868337,0.2716427881471728,318,3,2,2
0.27735277852691403,0,38,1,-1.3389348210736118,3,-0.042837715452434144,-0.10527437459868337,-0.8939827249544942,212,2,2,0
-0.9179891292031577,1,12,1,-1.1699921435063685,3,-0.758811933696332,-0.10527437459868337,-1.1648972991913353,147,0,2,3
-0.8483327443100392,1,1,1,0.7446915355890559,1,1.675500408332921,-0.10527437459868337,0.09572326376675552,286,0,1,2
0.2931692512434709,0,14,0,-0.9447352400833774,3,-1.0165626522641353,-0.10527437459868337,-0.8051179660160056,53,2,2,1
-1.0924496161372979,1,5,2,1.1388911165792903,0,0.7876923777104875,-0.10527437459868337,0.16915287190599038,354,0,1,2
-1.0176009548473304,1,12,2,-1.057363691794873,1,-1.102479558453403,-0.10527437459868337,0.5224363109251038,251,0,2,0
1.956375202917343,0,23,1,0.969948439012047,2,-1.1597574959129149,-0.10527437459868337,-0.09716848981611068,139,3,1,3
-0.4387420177739565,1,34,0,-0.550535659093143,1,-0.2289910121958476,-0.10527437459868337,-0.7252439571343967,340,1,2,2
-0.9332863742800294,0,5,1,-0.8321067883718818,1,1.3318327835758499,-0.10527437459868337,-0.5765464259817539,331,0,2,2
0.45436946307181103,1,14,2,0.6320630838775603,2,-0.2003520434660917,-0.10527437459868337,0.45705254869874096,268,2,1,2
0.4531313048541008,1,32,2,-0.043707626391412985,0,-1.2170354333724267,-0.10527437459868337,0.10056364466793935,163,2,0,3
0.9219938634896032,1,23,0,-0.32527875567015185,1,0.17195455002073523,-0.10527437459868337,0.12859665916373123,211,3,0,0
-0.9608054391833313,0,30,2,1.1388911165792903,2,-0.1573935903714578,-0.10527437459868337,-0.9992404121897045,344,0,1,2
0.2197185105218855,1,18,0,-1.0010494659391251,3,-0.2576299809256035,-0.10527437459868337,-1.2660535360140002,303,2,2,2
0.338581699422069,1,27,1,-0.7194783366603863,1,-1.2599938864670606,-0.10527437459868337,0.38113065932953477,75,2,2,1
-0.9375600171605132,1,38,2,-0.8321067883718818,0,-0.5583391525880407,-0.10527437459868337,2.156294010766231,240,0,2,0
-0.6189539493322993,0,1,1,0.463120406310317,2,0.9881651588187789,-0.10527437459868337,0.35080618791775686,165,1,0,3
-0.11446438649687647,1,6,2,-0.9447352400833774,1,-0.08579616854706802,-0.10527437459868337,-0.6536011704554925,306,2,2,2
0.7346325667386754,0,34,2,0.5194346321660648,0,0.7447339246158536,-0.10527437459868337,-1.1415759320621213,168,3,1,3
-0.860914029425482,1,5,1,0.6320630838775603,0,-1.0022431678992574,-0.10527437459868337,1.8646353147629866,311,0,1,2
-0.033544755881361646,1,6,1,-0.8884210142276296,1,0.4153857842236605,-0.10527437459868337,0.9411472815723462,13,2,2,1
-0.2328482883450431,0,36,2,0.5194346321660648,1,-0.7301729649665761,-0.10527437459868337,0.5833581688420244,170,2,1,3
-0.6078105253729071,1,3,1,-1.3952490469293595,3,-1.2599938864670606,-0.10527437459868337,-0.8405763307878689,258,1,2,0
-0.9175098421511407,1,2,2,0.463120406310317,1,-0.057157199817312106,-0.10527437459868337,-0.9596986197001404,117,0,0,3
1.2601308786875045,1,22,2,1.6457191492810201,2,1.8473342207114565,-0.10527437459868337,0.6176656558145106,350,3,1,2
0.3801598511845325,1,26,0,-1.282620595217864,3,1.317513299210972,-0.10527437459868337,-0.3110592575638995,243,2,2,0
-1.0887750820718352,1,13,1,-0.7194783366603863,1,-1.4175082144807183,-0.10527437459868337,-0.081864647222155,185,0,2,0
-0.5287681023777917,1,14,1,-0.15633607810290853,1,-0.6442560587773084,-0.10527437459868337,0.4576601709820812,175,1,0,0
0.15673220376933536,1,10,2,-0.9447352400833774,1,2.03348751745487,-0.10527437459868337,0.9097697698474918,214,2,2,0
-1.070961579971875,1,37,2,-1.282620595217864,3,0.3008299093046369,-0.10527437459868337,-1.087193737703183,205,0,2,0
0.5748702160663857,1,13,2,-1.1136779176506206,3,-0.758811933696332,-0.10527437459868337,0.5315969892476633,83,3,2,1
-0.36589038586739236,1,41,1,0.1815492770315781,1,1.0740820650080467,-0.10527437459868337,-0.6256608441046168,198,1,0,0
-1.002703115647139,0,32,2,0.012606599464334787,1,0.8306508308051214,-0.10527437459868337,0.9639459905510606,238,0,0,0
0.07872823605358978,1,2,2,0.9136342131562992,2,0.45834423731829443,-0.10527437459868337,-1.0353656166708267,227,2,1,0
-0.7101383109785088,1,36,0,0.40680618045456923,1,0.1146766125612234,-0.10527437459868337,-0.33776631665325024,316,1,0,2
2.4115381399826963,1,31,1,-0.9447352400833774,3,-1.47478615194023,-0.10527437459868337,1.2465804657784278,107,3,2,3
-0.5496969703158617,1,16,2,0.40680618045456923,1,0.8736092838997552,-0.10527437459868337,1.1477800526390518,93,1,0,3
-0.93700084893316,1,26,0,-0.4379072073816474,1,0.34378836239927074,-0.10527437459868337,-0.6282998815640387,36,0,0,1
-0.6574167352566531,1,42,1,-0.775792562516134,0,-1.4604666675753522,-0.10527437459868337,1.1637584589543426,355,1,2,2
1.1645131118101388,1,26,1,-1.4515632727851073,3,-0.2003520434660917,-0.10527437459868337,-0.9789185364168091,131,3,2,3
-0.35263011076159234,1,28,0,-0.9447352400833774,3,-0.9879236835343794,-0.10527437459868337,-0.8222240780944445,164,1,2,3
-0.3096140978430783,1,11,0,-1.3952490469293595,3,0.6301780496968299,-0.10527437459868337,-1.272580326218522,310,1,2,2
-0.35243040782325197,1,24,1,1.3078337941465337,0,1.704139377062677,-0.10527437459868337,1.46262623289552,145,1,1,3
2.7222759120403,1,22,1,-0.775792562516134,1,0.22923248748024708,-0.10527437459868337,1.2532256908347867,33,3,2,1
0.5282994908454131,1,0,2,-0.550535659093143,0,-0.9879236835343794,-0.10527437459868337,2.433848660718047,301,3,2,2
0.28765745014527666,0,16,0,-0.9447352400833774,3,1.8043757676168226,-0.10527437459868337,-1.1575285916704907,246,2,2,0
0.023290700370305267,1,3,2,-1.1699921435063685,3,0.8736092838997552,-0.10527437459868337,-1.160193375836834,292,2,2,2
-0.5012490374744899,1,6,0,0.35049195459882143,2,-0.2003520434660917,-0.10527437459868337,-0.7499633704494316,330,1,0,2
0.6441271950828231,1,38,2,-0.4379072073816474,1,-0.2289910121958476,-0.10527437459868337,1.0001098150925642,189,3,0,0
1.2511442464621882,1,25,0,1.9272902785597592,2,-0.3721858558446272,-0.10527437459868337,-0.4854211061755849,56,3,1,1
-0.8530457336548718,1,6,2,1.0262626648677948,2,-1.2599938864670606,-0.10527437459868337,-0.19916921862579054,150,0,1,3
-0.8000046332316717,0,24,2,0.8010057614448036,0,0.18627403438561319,-0.10527437459868337,-1.1094620645193205,91,0,1,3
0.8939955115342842,1,31,1,0.12523505117583034,1,1.274554846116338,-0.10527437459868337,0.9556838723000505,309,3,0,2
2.5581600373121898,1,18,0,1.0825768907235425,2,-0.6299365744124305,9.498987800327424,-0.49866263754515305,203,3,1,0
-1.0718802134882408,1,28,2,1.7583476009925159,2,-0.24331049656072556,-0.10527437459868337,-0.46604928388808126,202,0,1,0
-0.4142584375334281,1,2,2,-1.3389348210736118,3,0.587219596602196,-0.10527437459868337,-1.2071424959076247,192,1,2,0
-0.5109146596901634,1,6,0,0.463120406310317,2,0.057398675101711566,-0.10527437459868337,-1.0491143581667424,233,1,0,0
0.4429065144110742,0,8,1,0.463120406310317,0,1.689819892697799,-0.10527437459868337,1.1880865223241752,114,2,0,3
-0.6042158724827805,0,5,1,1.1388911165792903,2,0.6874559871563417,-0.10527437459868337,0.23988679983057656,103,1,1,3
-0.8997762212265166,0,7,1,0.2941777287430737,0,-1.2599938864670606,-0.10527437459868337,0.8563736743636352,75,0,0,1
0.44885766197361704,0,2,1,0.969948439012047,0,1.3891107210353617,-0.10527437459868337,0.5188420706389056,258,2,1,0
-0.4641841721185187,0,24,0,-1.4515632727851073,3,-0.21467152783096966,-0.10527437459868337,-1.2540838919663388,251,1,2,0
0.12961254474271408,0,35,2,1.2515195682907858,2,0.257871456210003,-0.10527437459868337,-0.18842254315688553,1,2,1,1
2.2416708206303846,1,31,0,-0.2126503039586563,0,2.2053213298334056,-0.10527437459868337,2.437311592798947,301,3,0,2
-0.29863043623435837,1,9,0,-1.3389348210736118,3,-1.2170354333724267,9.498987800327424,-1.1349770510782202,169,1,2,3
1.7847904382953035,1,13,1,-0.2126503039586563,0,0.21491300311536912,-0.10527437459868337,1.4966067366901075,118,3,0,3
-0.6084495747755962,1,42,0,-1.1699921435063685,3,-0.5869781213177966,-0.10527437459868337,-1.1503555591222472,124,1,2,3
0.8387576787893402,1,18,1,0.40680618045456923,0,0.6444975340617078,-0.10527437459868337,0.6688964532462953,180,3,0,0
1.4322348709492283,0,17,1,0.06892082532008256,0,-0.5869781213177966,-0.10527437459868337,2.100189361714265,259,3,0,0
-0.286248854057256,1,15,1,0.969948439012047,2,0.3581078467641487,-0.10527437459868337,-0.3933611809081767,184,1,1,0
-0.950221183451292,1,21,1,-1.1136779176506206,3,0.18627403438561319,-0.10527437459868337,-1.0782879517791433,278,0,2,2
-0.09313611268212578,1,26,1,-0.550535659093143,0,-0.801770386790966,-0.10527437459868337,0.17470643658889107,104,2,2,3
0.6369778298902383,1,15,1,-0.4942214332373952,1,1.3461522679407278,-0.10527437459868337,-0.15307488922478327,36,3,0,1
-0.2100422127865738,1,24,1,1.7583476009925159,2,-0.801770386790966,-0.10527437459868337,0.6287135677543936,136,2,1,3
1.8986610537369784,0,9,0,1.1388911165792903,0,-0.057157199817312106,-0.10527437459868337,2.4149686005327387,171,3,1,0
-0.7940934262567969,0,38,1,-0.775792562516134,0,-1.116799042818281,-0.10527437459868337,2.28670108132206,330,0,2,2
-0.9079241011108033,0,17,0,0.463120406310317,0,-0.45810276203389494,-0.10527437459868337,-1.2677940134018728,298,0,0,2
-0.5787337775505504,1,10,0,-1.5078774986408552,3,0.6444975340617078,-0.10527437459868337,-1.1286279131514545,334,1,2,2
-1.0610163736425249,1,13,1,1.7583476009925159,2,-0.2003520434660917,-0.10527437459868337,0.6047021888796914,237,0,1,0
-0.7754811124034752,1,20,0,0.9136342131562992,2,0.8306508308051214,-0.10527437459868337,-0.5262888540715904,143,1,1,3
-0.5124324020215502,0,13,1,0.06892082532008256,1,0.8163313464402434,-0.10527437459868337,1.0993196008719872,17,1,0,1
-0.8109882948403916,0,22,2,0.8010057614448036,0,0.4153857842236605,-0.10527437459868337,2.210776617282162,296,0,1,2
2.3934450537690597,0,32,0,0.969948439012047,2,-0.01419874672267823,-0.10527437459868337,-0.3517879732425305,31,3,1,1
1.3510356562200374,1,17,0,-0.15633607810290853,0,0.20059351875049114,-0.10527437459868337,2.377200756150044,271,3,0,2
1.4606725693688958,0,17,2,-0.4942214332373952,1,-0.9592847148046235,-0.10527437459868337,-0.5735881293565092,119,3,0,3
-1.075874272255048,1,31,0,1.9272902785597592,2,-0.77313141806121,-0.10527437459868337,0.1341991425897823,223,0,1,0
-0.02555663834774716,0,21,1,1.8146618268482635,2,0.34378836239927074,-0.10527437459868337,-0.13788433214128096,28,2,1,1
0.8873254333937163,1,5,0,-1.1699921435063685,3,0.20059351875049114,-0.10527437459868337,-0.9957156880121937,141,3,2,3
2.2533734128171297,0,1,1,-1.1136779176506206,3,2.405794110941697,-0.10527437459868337,-1.2249411944022435,164,3,2,3
-0.5531718014429841,1,13,2,1.8146618268482635,2,-0.9449652304397456,-0.10527437459868337,-0.5174448602441615,324,1,1,2
-0.183162197285961,0,24,1,0.8573199873005514,1,-0.5153806994934068,-0.10527437459868337,-0.10369013067924818,128,2,1,3
0.05895764515789397,1,8,0,1.5330906975695247,2,-1.2456744021021826,-0.10527437459868337,0.731337366871566,191,2,1,0
-0.8520871595508381,1,3,2,0.5194346321660648,0,1.990529064360236,-0.10527437459868337,0.7322745470034975,30,0,1,1
-0.16818447691043384,1,4,1,1.2515195682907858,0,-0.6442560587773084,-0.10527437459868337,0.21540683088990878,275,2,1,2
-0.3019055644231404,1,3,2,0.6883773097333081,1,-0.5869781213177966,-0.10527437459868337,0.3966893943220102,343,1,1,2
-0.4633454197774891,1,26,0,-0.9447352400833774,3,-1.517744605034864,-0.10527437459868337,-0.9890086708592235,151,1,2,3
-1.034096417554244,1,1,1,0.463120406310317,0,0.7017754715212197,-0.10527437459868337,0.8181192172201306,306,0,0,2
0.7765701837901514,0,38,1,-0.6068498849488907,0,-1.116799042818281,-0.10527437459868337,2.0181629281340445,270,3,2,2
0.05072988409827105,1,25,1,0.5757488580218125,1,1.8186952519817006,-0.10527437459868337,-0.09352790545745428,93,2,1,3
-0.9157125157060775,1,27,1,-1.0010494659391251,1,-1.1597574959129149,-0.10527437459868337,0.0579296726771402,164,0,2,3
0.32791756251469384,1,3,1,0.5757488580218125,0,-1.2743133708319385,-0.10527437459868337,-0.8611041802161341,19,2,1,1
-0.9761825654355392,1,13,2,-1.4515632727851073,3,1.9475706112656022,-0.10527437459868337,-1.2056337388820428,21,0,2,1
-1.0924496161372979,1,10,1,1.2515195682907858,2,0.3008299093046369,-0.10527437459868337,0.30263152459751763,128,0,1,3
-0.980576030079027,1,13,2,0.35049195459882143,2,0.42970526858853847,-0.10527437459868337,-0.9534962380028257,25,0,0,1
-0.22813529900021062,1,4,2,-0.9447352400833774,3,-0.24331049656072556,-0.10527437459868337,-1.038833698093111,294,2,2,2
0.7936647553120862,0,15,1,1.8146618268482635,2,-0.28626894965535943,-0.10527437459868337,0.21842691961176453,165,3,1,3
-0.5408301598535497,1,24,1,-1.2263063693621163,3,-1.0022431678992574,-0.10527437459868337,-1.111743222752538,199,1,2,0
-0.7248763878280274,1,42,2,-1.0010494659391251,3,-0.4008248245743831,-0.10527437459868337,-0.8711582692688589,120,1,2,3
-0.903330933528975,0,20,1,0.06892082532008256,1,1.1456794868324365,-0.10527437459868337,0.999558835564451,270,0,0,2
-0.904928557035698,1,4,0,0.969948439012047,0,0.945206705724145,-0.10527437459868337,0.8139817214178949,78,0,1,1
-0.36844658347814907,1,7,1,-1.282620595217864,3,0.5729001122373181,-0.10527437459868337,-1.1517922253684496,76,1,2,1
0.06478897095743269,1,34,2,-0.2689645298144041,1,-1.0595211053587692,-0.10527437459868337,-0.7260240823541089,121,2,0,3
-1.0142459454832122,1,22,1,-0.7194783366603863,1,-0.42946379330413903,-0.10527437459868337,1.2509084872118796,198,0,2,0
0.0317181643682686,1,1,0,-0.9447352400833774,3,-0.3721858558446272,-0.10527437459868337,-1.2724670407080687,291,2,2,2
-0.5904763103249637,1,39,0,-0.775792562516134,1,0.8592897995348773,-0.10527437459868337,0.6363886610876003,259,1,2,0
1.8600784460496202,1,27,0,0.2941777287430737,1,0.7876923777104875,-0.10527437459868337,-0.257104458539853,176,3,0,0
0.08204330483003995,0,25,0,-0.9447352400833774,3,-0.32922740274999335,-0.10527437459868337,-0.8830686958906014,316,2,2,2
-0.18132493025322974,1,16,0,1.195205342435038,0,-1.532064089399742,-0.10527437459868337,0.1557954803552768,303,2,1,2
0.0738954249457531,0,6,1,0.12523505117583034,1,-1.0452016209938912,-0.10527437459868337,0.2028218405468309,84,2,0,1
0.10201359866407617,1,20,2,0.5757488580218125,0,2.2339602985631615,-0.10527437459868337,0.03328235014148454,342,2,1,2
-0.7837887546384343,1,29,0,0.7446915355890559,1,-0.9020067773451117,-0.10527437459868337,0.6897384124989988,54,1,1,1
1.9901649400845323,0,23,1,1.9272902785597592,2,0.5585806278724401,-0.10527437459868337,-0.3118780028439934,109,3,1,3
-0.3949671336897491,1,3,1,-1.057363691794873,3,0.24355197184512503,-0.10527437459868337,-1.0028449511586712,95,1,2,3
-0.26124604617704267,1,16,2,-1.3952490469293595,3,0.8879287682646332,-0.10527437459868337,-1.076856434874325,143,2,2,3
-1.038889288074413,1,29,2,-1.2263063693621163,3,1.4320691741299956,-0.10527437459868337,-1.0802833215655354,36,0,2,1
-0.6114850594383697,1,5,0,-1.2263063693621163,3,0.7590534089807316,-0.10527437459868337,1.180504117135885,101,1,2,3
-0.9543750045687716,1,35,0,1.0262626648677948,0,0.22923248748024708,-0.10527437459868337,0.9106786286018099,221,0,1,0
-0.03006992475423933,1,38,0,0.40680618045456923,1,-1.4604666675753522,-0.10527437459868337,-0.9829762174275887,96,2,0,3
1.3104560191492753,1,23,0,-1.3389348210736118,3,-1.2313549177373047,-0.10527437459868337,-1.214634787621691,197,3,2,0
-1.0629335218505924,1,2,0,0.8573199873005514,1,-1.131118527183159,-0.10527437459868337,1.2273965944514487,358,0,1,2
-0.9910404640480621,0,26,1,0.7446915355890559,0,-1.116799042818281,-0.10527437459868337,1.7893648170788865,310,0,1,2
1.695003997217477,0,39,2,0.9136342131562992,2,-0.7874509024260881,-0.10527437459868337,0.3947661153149972,206,3,1,0
2.3366095975173926,1,18,1,0.6883773097333081,0,-0.6728950275070643,-0.10527437459868337,1.2341705530424139,341,3,1,2
0.5338112919436072,1,20,0,-1.282620595217864,3,-1.0595211053587692,-0.10527437459868337,-1.276663753936223,287,3,2,2
-0.9599666868423017,1,41,1,-0.2126503039586563,1,-0.5726586369529186,-0.10527437459868337,-0.581631400598689,85,0,0,3
-0.5580844937261569,1,26,0,-0.8321067883718818,0,-0.3435468871148713,-0.10527437459868337,1.4340139174940014,306,1,2,2
-0.43618582016319984,0,27,2,0.35049195459882143,0,-1.532064089399742,-0.10527437459868337,1.4269232744079055,36,1,0,1
0.6137324078674201,1,3,1,-1.1699921435063685,3,-0.3721858558446272,-0.10527437459868337,-1.1690862884074131,276,3,2,2
-1.052229444355549,1,31,1,-1.1699921435063685,3,-1.4175082144807183,-0.10527437459868337,-1.0698121358606874,84,0,2,1
1.4592746488005133,1,17,0,1.7583476009925159,2,-0.758811933696332,-0.10527437459868337,-0.8441757204154514,253,3,1,0
-0.4083871711462215,1,19,2,-0.9447352400833774,1,0.7160949558860976,9.498987800327424,1.0722649612392003,343,1,2,2
0.1018538363134038,1,17,0,-0.4942214332373952,1,0.8020118620753655,-0.10527437459868337,1.1005605921455888,68,2,0,1
0.517196007473689,1,27,2,1.195205342435038,2,-0.5010612151285289,-0.10527437459868337,-0.8088615372023468,143,3,1,3
-0.08394977751846908,1,27,2,0.463120406310317,2,0.7590534089807316,-0.10527437459868337,-0.23350245230519776,0,2,0,1
-0.7842680416904512,0,17,2,-1.4515632727851073,3,-0.3149079183851154,-0.10527437459868337,-1.0684964791370144,2,1,2,1
-0.7250760907663678,1,1,2,-1.282620595217864,3,-1.3172718239265724,-0.10527437459868337,-1.2457110628755677,173,1,2,0
0.4082780249028556,0,16,1,-0.2126503039586563,0,-0.01419874672267823,-0.10527437459868337,1.9211647844791522,0,2,0,1
2.4997668981414685,1,12,2,-1.282620595217864,3,-0.77313141806121,-0.10527437459868337,0.9055395859003401,14,3,2,1
2.277138062479633,1,17,1,-0.9447352400833774,3,0.8020118620753655,-0.10527437459868337,-1.2069159248867183,187,3,2,0
0.07133922733499652,0,9,1,1.195205342435038,0,-1.2599938864670606,-0.10527437459868337,2.021517724045876,90,2,1,3
-1.033896714615904,1,5,1,1.3078337941465337,2,1.3461522679407278,-0.10527437459868337,0.3274024313263949,234,0,1,0
1.3017090304499677,1,11,1,-0.9447352400833774,3,-1.0165626522641353,-0.10527437459868337,-1.285273452730669,115,3,2,3
-0.8899508366601707,0,30,1,0.6883773097333081,2,0.40106629985878256,-0.10527437459868337,-0.8740367511026479,124,0,1,3
0.5489887152574746,1,37,2,-0.8884210142276296,0,2.2196408141982835,-0.10527437459868337,0.1261172512872208,102,3,2,3
2.4318678991057454,1,7,1,0.9136342131562992,2,-0.7158534806016982,-0.10527437459868337,0.7194320895912076,126,3,1,3
0.6498786397070255,1,38,2,0.23786350288732588,1,-0.443783277669017,-0.10527437459868337,-0.9319101989200996,236,3,0,0
-0.9659977155801807,1,26,0,0.6320630838775603,2,2.377155142211941,-0.10527437459868337,-0.9210244912338204,63,0,1,1
-0.8025208902547603,1,10,1,-1.5078774986408552,3,1.4320691741299956,-0.10527437459868337,0.22297378805404672,226,0,2,0
1.2724725202769385,0,35,0,-1.4515632727851073,3,0.6158585653319519,-0.10527437459868337,-0.8847113357921734,238,3,2,0
-1.083542865087318,1,6,1,1.7583476009925159,2,-0.7015339962368202,-0.10527437459868337,-0.4683973835592939,184,0,1,0
-0.11174842653544752,1,5,0,-1.057363691794873,1,1.1170405181026806,-0.10527437459868337,-0.5352744547870858,94,2,2,3
0.5759486119334235,1,38,1,-1.3952490469293595,3,-0.7444924493314541,-0.10527437459868337,-1.2204226473375748,238,3,2,0
-0.34967450727415494,1,33,1,0.7446915355890559,1,-1.3602302770212065,-0.10527437459868337,0.37600191531083366,304,1,1,2
-0.8153018783085434,1,1,1,1.7583476009925159,2,1.3461522679407278,-0.10527437459868337,-0.7324916551327119,243,0,1,0
-0.3562247636517189,0,17,2,1.702033375136768,2,1.1313600024675585,-0.10527437459868337,-0.020623530139411688,225,1,1,0
-0.9857283658882084,1,17,1,0.969948439012047,0,0.043079190736833604,-0.10527437459868337,1.8583376702500634,55,0,1,1
3.5230447541974845,1,28,2,-0.2126503039586563,0,0.4440247529534165,-0.10527437459868337,0.35776552279855456,4,3,0,1
-0.4276784749899004,1,37,1,0.969948439012047,2,0.20059351875049114,-0.10527437459868337,0.016225156806195927,101,1,1,3
-0.8814834320745394,1,2,1,0.5194346321660648,0,0.028759706371955646,-0.10527437459868337,0.9966880777427384,142,0,1,3
-0.8953827565830287,1,19,0,-0.6068498849488907,0,-0.7015339962368202,-0.10527437459868337,0.7222024352559279,52,0,2,1
1.2378040901810519,1,29,2,-1.0010494659391251,3,0.3581078467641487,-0.10527437459868337,-1.1866996106121994,178,3,2,0
-0.5238953506822869,1,31,1,-0.10002185224716076,0,-0.6299365744124305,-0.10527437459868337,2.2333796512882746,36,1,0,1
-1.0226734094811756,0,16,2,0.969948439012047,2,-0.07147668418219007,-0.10527437459868337,0.5877505570427796,211,0,1,0
-0.803998691998479,0,0,2,-0.6068498849488907,0,1.002484643183657,-0.10527437459868337,2.4859574208558444,327,0,2,2
-0.4865109606249712,1,33,0,1.3078337941465337,0,-1.489105636305108,-0.10527437459868337,0.06442299216266424,120,1,1,3
-0.5678299971171665,1,7,2,1.5330906975695247,2,-0.9879236835343794,-0.10527437459868337,0.1977780606609699,253,1,1,0
-0.9499415993376156,1,29,0,0.6320630838775603,2,-1.1597574959129149,-0.10527437459868337,0.20070546123790922,326,0,1,2
0.69640942434033,1,15,2,-0.6631641108046386,1,-1.489105636305108,-0.10527437459868337,-0.18754715512156514,208,3,2,0
-1.031300576417479,0,7,2,0.23786350288732588,1,0.587219596602196,-0.10527437459868337,0.8672748300740668,321,0,0,2
0.31026382276540576,0,13,2,-1.057363691794873,3,-1.2313549177373047,-0.10527437459868337,-1.2678970002295575,251,2,2,0
0.6005919545246242,1,33,0,-0.10002185224716076,1,1.675500408332921,-0.10527437459868337,-0.6865183352542343,329,3,0,2
-0.0897012221426715,1,4,1,-1.2263063693621163,3,-0.24331049656072556,-0.10527437459868337,-1.135448215814878,315,2,2,2
-1.0298227746737603,1,9,0,-1.0010494659391251,1,-0.07147668418219007,-0.10527437459868337,-0.095361070990243,143,0,2,3
-0.3480768837674321,1,3,0,0.23786350288732588,0,2.090765454914382,-0.10527437459868337,2.004092352801614,145,1,0,3
-0.7426499493403197,1,17,0,1.1388911165792903,2,0.8592897995348773,-0.10527437459868337,-0.6970641864091539,16,1,1,1
-0.2823346764657849,0,28,2,0.8010057614448036,2,0.12899609692610137,-0.10527437459868337,0.6479309098003699,258,2,1,0
-0.7353008812093943,1,5,2,0.40680618045456923,2,-0.9592847148046235,-0.10527437459868337,-1.0544156051218154,198,1,0,0
1.0810372835838675,1,28,0,-0.9447352400833774,3,0.7447339246158536,-0.10527437459868337,-0.9658701053491497,176,3,2,0
1.4528042735982856,1,7,0,-1.2263063693621163,3,-1.3459107926563285,-0.10527437459868337,-0.9031537019598221,58,3,2,1
0.14870414564805284,0,9,1,-1.0010494659391251,3,-1.4318276988455962,9.498987800327424,-1.0309191603855372,53,2,2,1
2.233203416044753,1,41,2,0.9136342131562992,2,-0.801770386790966,-0.10527437459868337,-0.8697447750588855,348,3,1,2
3.266226775491778,1,37,0,-0.8884210142276296,1,-0.9592847148046235,-0.10527437459868337,0.9223753575561063,333,3,2,2
-0.3509526060795334,0,4,1,0.463120406310317,0,-0.816089871155844,-0.10527437459868337,1.9229644792929432,188,1,0,0
-0.7408126823075882,0,23,1,1.2515195682907858,2,-0.5583391525880407,-0.10527437459868337,-0.8747602335671335,129,1,1,3
1.326831660093185,1,42,0,1.8709760527040113,2,0.7160949558860976,-0.10527437459868337,-0.41836895734072876,116,3,1,3
2.3244676588662982,0,7,1,1.8709760527040113,2,-0.7301729649665761,-0.10527437459868337,-1.0203913319254625,33,3,1,1
-0.7081812221827731,1,30,0,0.2941777287430737,0,-0.801770386790966,-0.10527437459868337,0.3303684519637159,184,1,0,0
-0.9926780281424531,0,40,2,-0.2689645298144041,0,-0.9736041991695015,-0.10527437459868337,-1.1404302036041283,315,0,0,2
-0.663966991634217,1,6,2,1.4204622458580292,0,-0.5153806994934068,-0.10527437459868337,0.49623388729140855,275,1,1,2
0.7734148773643735,0,16,2,1.3641480200022813,0,0.07171815946658952,9.498987800327424,2.029113002587627,286,3,1,2
-0.8990173500608233,0,37,1,-0.9447352400833774,3,-0.32922740274999335,-0.10527437459868337,-1.2886128006183473,108,0,2,3
-0.7936141392047801,1,28,1,-0.7194783366603863,0,-0.9592847148046235,-0.10527437459868337,-0.9652753564192703,109,0,2,3
-0.9167509709854473,1,10,1,-1.1136779176506206,3,-1.1740769802777928,-0.10527437459868337,-0.8908493507221853,331,0,2,2
0.22626876689944955,1,14,1,0.40680618045456923,0,-1.0595211053587692,-0.10527437459868337,0.03279831205136614,324,2,0,2
-0.9843304453198259,1,14,0,-0.6631641108046386,0,2.5203499858607206,-0.10527437459868337,2.3786554450910913,259,0,2,0
1.729872130251704,1,36,2,1.2515195682907858,2,-0.057157199817312106,-0.10527437459868337,0.13274445364873513,139,3,1,3
-0.22801547723720642,1,25,0,-0.2126503039586563,1,-1.0165626522641353,-0.10527437459868337,-0.43047248426438045,10,2,0,1
-0.9986691162926639,1,1,0,-0.8884210142276296,0,-0.32922740274999335,-0.10527437459868337,1.4310710688929094,199,0,2,0
-0.7021501934448943,1,40,0,0.23786350288732588,1,-0.3005884340202374,-0.10527437459868337,-0.7958491515243771,135,1,0,3
-0.4579933810299674,1,27,0,0.8010057614448036,1,0.40106629985878256,-0.10527437459868337,1.1305323336725466,296,1,1,2
-1.0656095412243534,1,18,0,0.5757488580218125,2,-1.2743133708319385,-0.10527437459868337,-0.6789359300659439,282,0,1,2
-0.026355450101108565,1,20,1,-0.38159298152589965,0,-1.1740769802777928,-0.10527437459868337,0.36367181736627574,346,2,0,2
-0.29946918857538796,1,27,2,-1.3952490469293595,3,0.21491300311536912,-0.10527437459868337,-1.0006513317289858,301,1,2,2
-0.11877796996502822,1,35,0,-0.32527875567015185,1,0.4726637216831724,-0.10527437459868337,-1.1151495120782116,55,2,0,1
1.6329762645689603,1,10,0,0.9136342131562992,2,-0.32922740274999335,-0.10527437459868337,-0.737339760045972,74,3,1,1
0.32883619603105935,0,17,2,-1.1136779176506206,3,2.434433079671453,-0.10527437459868337,-1.2591276718522002,161,2,2,3
-0.6686400403913815,1,39,1,-0.38159298152589965,0,-0.4151443089392611,-0.10527437459868337,2.0046613550245724,273,1,0,2
-0.24602868227550703,0,8,1,-0.8321067883718818,1,0.257871456210003,-0.10527437459868337,0.9235700047572499,330,2,2,2
0.8524972409471571,1,8,2,1.195205342435038,2,0.5299416591426842,-0.10527437459868337,0.33577268574647373,201,3,1,0
-0.21183953923163704,1,6,2,1.0825768907235425,2,-0.7301729649665761,-0.10527437459868337,0.16929447879405699,268,2,1,2
1.3448448651314857,1,9,0,1.3078337941465337,2,-0.9736041991695015,-0.10527437459868337,-0.5906581960452584,109,3,1,3
1.3239159971934158,1,13,2,0.5757488580218125,1,0.5442611435075622,-0.10527437459868337,-0.5455216441417196,354,3,1,2
-0.3625353765032743,1,30,1,0.1815492770315781,1,2.420113595306575,-0.10527437459868337,-1.2578094404578353,55,1,0,1
2.248021374069608,0,7,1,-1.3952490469293595,3,-0.7301729649665761,-0.10527437459868337,-0.9972244450377753,348,3,2,2
-0.2954751298085807,1,31,0,0.8573199873005514,0,-0.758811933696332,-0.10527437459868337,2.182553077155153,200,1,1,0
-0.7446469787237233,1,7,0,-1.057363691794873,1,2.362835657847063,-0.10527437459868337,0.5168338274990529,266,1,2,2
-0.8675441669783821,0,0,1,0.9136342131562992,2,0.043079190736833604,-0.10527437459868337,0.5473488245420477,106,0,1,3
0.46571258996954373,1,22,1,1.5330906975695247,2,-1.0308821366290133,-0.10527437459868337,0.5686593738607171,343,3,1,2
-1.0301822399627731,1,7,0,-0.10002185224716076,0,-1.0595211053587692,-0.10527437459868337,1.219783293214853,300,0,0,2
1.1187012577548596,0,42,2,1.9836045044155068,2,-1.0022431678992574,-0.10527437459868337,-0.5512940558334505,211,3,1,0
-0.8796861056294761,0,4,2,-0.775792562516134,0,-0.28626894965535943,-0.10527437459868337,1.0848988703254283,311,0,2,2
0.4711045693047334,0,24,2,-1.5078774986408552,3,0.6874559871563417,-0.10527437459868337,-0.8614569101009544,118,3,2,3
0.046855647094468135,1,27,0,1.702033375136768,2,-0.042837715452434144,-0.10527437459868337,0.14766209563887273,334,2,1,2
-0.9234609897136835,1,37,2,-0.6631641108046386,0,1.632541955238287,-0.10527437459868337,0.02980397003643167,260,0,2,0
0.23237967681266453,1,34,0,1.0262626648677948,2,-1.0308821366290133,-0.10527437459868337,0.34382883034211414,359,2,1,2
0.4423473461837213,1,39,2,-1.1699921435063685,3,-0.7301729649665761,-0.10527437459868337,-1.2410586329349087,253,2,2,0
0.9727184098280551,0,34,2,0.35049195459882143,1,-0.758811933696332,-0.10527437459868337,1.0532381448244408,144,3,0,3
2.0373347741205254,1,22,2,-1.1136779176506206,3,-1.145438011548037,-0.10527437459868337,-1.2381853004425039,21,3,2,1
-0.9810153765433759,0,33,0,0.1815492770315781,0,0.028759706371955646,-0.10527437459868337,-1.1241196647695544,99,0,0,3
-1.018559528951364,1,30,0,-1.3389348210736118,3,-0.4151443089392611,-0.10527437459868337,-1.0065988210277808,354,0,2,2
-0.2963538227372783,1,38,0,0.6320630838775603,2,0.8879287682646332,-0.10527437459868337,-0.9133854432903031,172,1,1,0
0.15425588733391485,0,33,1,0.23786350288732588,0,0.7590534089807316,-0.10527437459868337,0.6719216913095352,345,2,0,2
-1.1065885841717957,1,28,2,-1.3952490469293595,3,0.7733728933456095,-0.10527437459868337,-0.843539776754498,82,0,2,1
-0.26579927317120283,1,23,0,1.476776471713777,2,0.601539080967074,-0.10527437459868337,0.07381024150613025,297,2,1,2
0.5165569580709998,1,23,0,0.6883773097333081,0,-0.17171307473633576,-0.10527437459868337,2.0303153738008466,277,3,1,2
0.5814604130316174,1,40,0,-0.2689645298144041,1,-0.11443513727682394,-0.10527437459868337,0.6453304924013298,268,3,0,2
-1.0252695476796,0,30,0,-0.550535659093143,0,1.5179860803192633,-0.10527437459868337,1.9028949212478752,146,0,2,3
-0.41110313110765045,1,37,0,-1.4515632727851073,3,-1.1883964646426708,-0.10527437459868337,-1.025463433188937,277,1,2,2
-1.0762337375440605,0,34,1,1.7583476009925159,2,-0.4008248245743831,-0.10527437459868337,-0.38310884221215863,88,0,1,3
-0.8600752770844526,1,10,2,0.23786350288732588,1,-1.0738405897236472,-0.10527437459868337,0.026341037955531613,152,0,0,3
-0.8885529160917882,0,37,1,0.7446915355890559,2,-1.131118527183159,-0.10527437459868337,-0.6134208596342828,193,0,1,0
-1.0415253668605056,1,40,1,-1.057363691794873,1,0.5729001122373181,-0.10527437459868337,0.2522709658596692,108,0,2,3
-0.742889592866328,1,25,1,0.7446915355890559,1,-0.6012976056826745,-0.10527437459868337,-0.6415748836526045,119,1,1,3
-0.32682849112801754,1,22,0,-0.775792562516134,0,1.3318327835758499,-0.10527437459868337,1.7708967042043169,132,1,2,3
-0.90944184344219,1,32,0,0.5757488580218125,1,-0.11443513727682394,-0.10527437459868337,-0.3266102685442985,60,0,1,1
0.838118629386651,0,20,1,-0.9447352400833774,3,-0.5010612151285289,-0.10527437459868337,-1.2329484202547336,358,3,2,2
0.5123631963658524,1,40,2,-0.4379072073816474,1,-1.0738405897236472,-0.10527437459868337,1.1958723264971431,181,3,0,0
0.94112540498261,1,8,1,0.6883773097333081,1,0.34378836239927074,-0.10527437459868337,1.1520488566465852,222,3,1,0
0.27407765033813214,1,32,0,-0.775792562516134,0,0.6301780496968299,-0.10527437459868337,0.6474236996740226,316,2,2,2
0.31649455444162505,1,27,2,0.12523505117583034,1,-0.9592847148046235,-0.10527437459868337,-0.6756557996041841,333,2,0,2
-1.0664482935653827,1,21,2,-0.4942214332373952,1,2.3055577203875512,-0.10527437459868337,-0.7652105702881605,290,0,0,2
-0.26212473910574025,1,1,1,-0.8321067883718818,0,-0.11443513727682394,-0.10527437459868337,0.3354482772392669,87,2,2,3
-0.2229829631910292,0,28,1,-1.2263063693621163,3,1.1027210337378026,-0.10527437459868337,-1.1335558328561706,326,2,2,2
0.003639931237613795,1,14,2,0.1815492770315781,1,-0.5153806994934068,-0.10527437459868337,0.8214662891198854,203,2,0,0
-0.640801450786735,1,22,0,0.012606599464334787,0,2.062126486184626,-0.10527437459868337,0.671311494355503,219,1,0,0
0.20549966131205172,0,36,2,-0.32527875567015185,0,1.8330147363465785,-0.10527437459868337,0.4781313776551195,214,2,0,0
-0.7979676632606,1,21,1,0.5194346321660648,2,-0.9163262617099897,-0.10527437459868337,0.012520205680236785,49,0,1,1
0.5768273048621212,1,38,2,1.2515195682907858,0,-0.2289910121958476,-0.10527437459868337,1.7819729375218125,235,3,1,0
0.14526925510859856,1,28,1,1.5894049234252725,2,0.4726637216831724,-0.10527437459868337,0.5107395819708073,240,2,1,0
0.5368068360187127,1,42,1,-0.8884210142276296,0,0.48698320604805034,-0.10527437459868337,0.8830833081236781,319,3,2,2
0.9242704769866833,1,6,1,0.8010057614448036,2,-0.42946379330413903,-0.10527437459868337,0.651545747452105,164,3,1,3
-0.4962165234283127,1,29,0,-1.1699921435063685,3,1.1743184555621924,-0.10527437459868337,-0.9829478960499753,186,1,2,0
-1.015723747226931,1,19,1,1.0262626648677948,2,0.6731365027914638,-0.10527437459868337,0.21853248111014137,171,0,1,0
-0.8309186480867597,1,20,2,-1.1136779176506206,3,0.14331558129097932,-0.10527437459868337,-1.1331722069230448,277,0,2,2
-0.9029315276522943,0,2,1,-0.9447352400833774,3,-0.758811933696332,-0.10527437459868337,-0.8665238620230447,328,0,2,2
0.520551016837807,1,10,0,-1.1136779176506206,3,2.062126486184626,-0.10527437459868337,-1.2451600833474543,134,3,2,3
0.7266444492050609,1,40,1,-1.1136779176506206,3,-0.8590483242504778,-0.10527437459868337,-1.2819830235861407,323,3,2,2
0.09682132226722671,1,39,1,0.23786350288732588,0,-0.01419874672267823,-0.10527437459868337,1.3593304447277046,240,2,0,0
-1.0370520210416814,1,36,2,1.0262626648677948,0,-0.4008248245743831,-0.10527437459868337,-1.0457775849497561,271,0,1,2
-1.0864984685747552,0,37,2,-0.7194783366603863,0,0.18627403438561319,-0.10527437459868337,2.004820984607484,280,0,2,2
0.49546832778225763,1,20,1,-0.10002185224716076,1,1.8902926738060903,-0.10527437459868337,0.7977793187523903,317,3,0,2
-0.5268908947573924,1,40,2,-0.38159298152589965,1,-1.3602302770212065,-0.10527437459868337,0.03463405225484704,209,1,0,0
1.1144276148743761,1,39,2,-0.4379072073816474,0,-1.0452016209938912,-0.10527437459868337,1.75725609887747,49,3,0,1
-0.970590883162009,1,30,0,-1.1699921435063685,3,1.8902926738060903,-0.10527437459868337,-0.9333726118732232,302,0,2,2
2.0100952933309006,0,40,2,-1.2263063693621163,3,0.37242733112902665,-0.10527437459868337,0.361321143024371,38,3,2,1
0.021293670986901644,1,13,0,-0.550535659093143,0,0.601539080967074,-0.10527437459868337,2.2376922246975743,148,2,2,3
0.1116392802920815,1,19,2,1.3078337941465337,0,0.40106629985878256,-0.10527437459868337,2.0207762188865455,188,2,1,0
-0.3654909799907117,1,2,2,-0.7194783366603863,0,-0.042837715452434144,-0.10527437459868337,1.1531276436665827,232,1,2,0
-0.8439792202542195,1,25,2,0.23786350288732588,1,0.8592897995348773,-0.10527437459868337,-0.4206964596464045,42,0,0,1
0.681511585140139,1,40,1,-0.8884210142276296,1,-0.6299365744124305,-0.10527437459868337,0.6267851394059962,177,3,2,0
0.007913574118097517,1,28,0,-1.4515632727851073,3,-1.0165626522641353,-0.10527437459868337,-1.008334149074269,57,2,2,1
-1.0007859674390718,1,16,2,-0.6631641108046386,0,-1.3172718239265724,-0.10527437459868337,1.7903740879901973,37,0,2,1
1.333341975883081,1,11,0,-1.0010494659391251,3,0.028759706371955646,-0.10527437459868337,-1.0857750941518254,180,3,2,0
-0.00846206682581227,1,27,2,0.5194346321660648,1,-0.5440196682231627,-0.10527437459868337,-0.9989340263773424,207,2,1,0
0.6009913604013051,1,38,1,-1.5078774986408552,3,1.002484643183657,-0.10527437459868337,-0.9346831192555118,151,3,2,3
0.7661057498211163,0,35,0,0.5194346321660648,0,0.2865104249397589,-0.10527437459868337,-0.9898814842238519,67,3,1,1
-0.6969978576357129,1,39,1,1.7583476009925159,2,-1.0308821366290133,-0.10527437459868337,-0.4843217217900501,104,1,1,3
-1.0173213707336537,1,39,2,-1.4515632727851073,3,0.37242733112902665,-0.10527437459868337,-1.0294310007254923,24,0,2,1
-0.8349127068535669,1,4,2,0.6320630838775603,1,2.4917110171309647,-0.10527437459868337,-0.48836652944736914,121,0,1,3
-0.9732269619481018,0,27,2,1.0262626648677948,0,0.3867468154939046,-0.10527437459868337,1.9593136801242799,61,0,1,1
0.34093819409448545,0,24,0,1.0262626648677948,2,0.257871456210003,-0.10527437459868337,-0.7902183467207128,7,2,1,1
-0.815142115957871,1,37,1,-1.3952490469293595,3,0.7590534089807316,-0.10527437459868337,-0.9784061769490774,358,0,2,2
1.5064444828365071,0,2,2,-1.1136779176506206,3,-0.21467152783096966,-0.10527437459868337,-1.2732677632933178,136,3,2,3
-1.033497308739223,0,22,1,0.23786350288732588,1,0.601539080967074,-0.10527437459868337,-0.22646845197432863,77,0,0,1
0.44626152377519246,1,9,0,-1.0010494659391251,3,-1.116799042818281,-0.10527437459868337,-1.1197169778860305,304,2,2,2
-1.078150885752128,1,15,2,1.2515195682907858,2,-0.2003520434660917,-0.10527437459868337,-0.5628594765824492,235,0,1,0
-0.6703574856611084,1,3,2,0.9136342131562992,2,-0.3721858558446272,-0.10527437459868337,0.5825188261963938,63,1,1,1
-0.8403845673640928,1,39,0,-0.32527875567015185,0,-0.48674173076365085,-0.10527437459868337,-1.0913698535657999,236,0,0,0
0.23229979563732844,1,28,1,0.012606599464334787,1,0.5156221747778063,-0.10527437459868337,-0.5372852725976308,22,2,0,1
-0.9552936380851373,1,0,2,-1.4515632727851073,3,0.7876923777104875,-0.10527437459868337,-1.0274896990236346,216,0,2,0
3.193894371224899,1,11,1,0.8573199873005514,0,0.7733728933456095,-0.10527437459868337,1.7311463633886908,190,3,1,0
0.33031399777477805,1,9,2,1.3078337941465337,2,-0.7301729649665761,-0.10527437459868337,0.3322917309707289,150,2,1,3
1.1598400630529746,1,22,2,1.0262626648677948,0,-0.5583391525880407,-0.10527437459868337,2.2590851634783915,256,3,1,0
-0.23616335712149317,1,2,0,-1.4515632727851073,3,0.945206705724145,-0.10527437459868337,-1.1558061369774633,244,2,2,0
-0.2689146390093125,1,10,0,-1.4515632727851073,3,-1.131118527183159,-0.10527437459868337,-0.8166756627529279,315,2,2,2
-1.0636125118409498,1,40,1,-1.4515632727851073,3,2.3055577203875512,-0.10527437459868337,-1.067247763851337,33,0,2,1
-0.7744027165364372,1,27,2,0.6320630838775603,2,-0.14307410600657985,-0.10527437459868337,-0.8341448033989557,316,1,1,2
0.27020341333432923,1,2,2,-0.6068498849488907,0,-0.18603255910121375,-0.10527437459868337,0.12048644648355625,196,2,2,0
-0.41949065451794565,1,12,0,-0.4942214332373952,1,2.348516173482185,-0.10527437459868337,0.9245200582426415,139,1,0,3
-0.3266287881896772,1,29,2,0.8573199873005514,2,1.9475706112656022,-0.10527437459868337,-0.5961164979125507,158,1,1,3
-0.7033084704872682,1,7,2,0.012606599464334787,1,-0.45810276203389494,-0.10527437459868337,0.2728477340310846,19,1,0,1
-0.3868591943931304,1,14,0,-1.1136779176506206,3,-1.2170354333724267,-0.10527437459868337,-1.1015011827392884,299,1,2,2
1.6584583595011904,1,5,1,0.463120406310317,2,-0.14307410600657985,-0.10527437459868337,-0.6844534493591549,353,3,0,2
-0.5192622425127905,0,23,2,-0.6068498849488907,0,-0.38650534020950517,-0.10527437459868337,2.192473283331888,95,1,2,3
-0.6783456031947229,1,20,1,-1.3952490469293595,3,-0.2289910121958476,-0.10527437459868337,-0.9605019169560814,343,1,2,2
-0.7820713093687072,1,42,1,-1.1136779176506206,3,-0.3149079183851154,-0.10527437459868337,-1.0928142438240789,52,1,2,1
0.35212155864154576,0,39,2,1.7583476009925159,2,1.3891107210353617,-0.10527437459868337,0.5245707129288705,254,2,1,0
0.8538552209278716,0,15,2,-0.550535659093143,1,0.08603764383146749,-0.10527437459868337,0.7013089825893819,69,3,2,1
0.7008827701591542,1,20,1,1.9836045044155068,2,0.45834423731829443,-0.10527437459868337,-0.06933629963430381,71,3,1,1
1.4687006274901784,1,22,1,1.4204622458580292,2,-0.5869781213177966,-0.10527437459868337,0.5796866884350629,66,3,1,1
-0.4315127714060354,1,30,1,0.012606599464334787,0,-0.07147668418219007,-0.10527437459868337,0.004754998872805576,330,1,0,2
-0.7544723632900691,1,12,0,0.969948439012047,0,-0.4008248245743831,-0.10527437459868337,1.8721662265374348,172,1,1,0
-0.486431079449635,1,3,0,-0.8884210142276296,1,-0.758811933696332,-0.10527437459868337,-0.283708530801519,133,1,2,3
2.8537603266435942,1,25,2,-0.10002185224716076,1,2.5919474076851103,-0.10527437459868337,-0.4162834740801124,228,3,0,0
-0.9509001734416492,1,9,0,1.8146618268482635,2,-0.18603255910121375,-0.10527437459868337,0.3482083451894087,294,0,1,2
-0.7930150303897591,0,19,0,0.1815492770315781,1,-0.9879236835343794,-0.10527437459868337,0.3503092764741778,18,0,0,1
-1.0017844821307735,1,16,2,0.1815492770315781,1,0.8592897995348773,-0.10527437459868337,-0.06569056593426328,61,0,0,1
-0.7736438453707438,1,33,0,0.1815492770315781,0,0.3867468154939046,-0.10527437459868337,1.9418805848679417,342,1,0,2
-0.5373553287264273,1,36,1,1.3078337941465337,0,0.4440247529534165,-0.10527437459868337,1.6982291985899487,358,1,1,2
-0.8839996890976279,1,12,0,-0.550535659093143,0,-0.3435468871148713,-0.10527437459868337,-1.075533054138576,57,0,2,1
1.985691594265708,1,21,1,0.9136342131562992,0,-1.2599938864670606,-0.10527437459868337,1.6744649881016902,130,3,1,3
-0.6867730671926863,1,34,0,-1.1136779176506206,3,0.587219596602196,-0.10527437459868337,-1.0405329807499097,201,1,2,0
-0.6330130361914609,1,41,2,-0.9447352400833774,3,2.5203499858607206,-0.10527437459868337,-0.8995053935890894,125,1,2,3
-0.9230216432493348,1,38,1,-1.2263063693621163,3,1.4034302054002397,-0.10527437459868337,-1.1943103371781034,156,0,2,3
1.5272934695992408,0,38,1,-1.3389348210736118,3,0.4153857842236605,-0.10527437459868337,-1.2881364865403053,189,3,2,0
0.40200735263896825,1,24,2,1.5330906975695247,2,0.587219596602196,-0.10527437459868337,-0.6830270817957209,280,2,1,2
-0.6519049341584591,1,4,1,1.3641480200022813,2,0.4153857842236605,-0.10527437459868337,0.19880277959643317,295,1,1,2
-1.0624941753862436,0,21,2,0.5757488580218125,2,-1.116799042818281,-0.10527437459868337,-0.8164233450251004,182,0,1,0
-0.7261944272210737,1,29,2,0.6883773097333081,2,-1.4604666675753522,-0.10527437459868337,-0.2654180702047053,116,1,1,3
-0.5846849251130931,0,15,1,-0.9447352400833774,1,0.42970526858853847,-0.10527437459868337,-1.0941968419857468,294,1,2,2
-0.017368817875792267,1,4,2,1.3078337941465337,2,0.7876923777104875,-0.10527437459868337,0.6955056748493457,274,2,1,2
-0.8146628289058543,1,37,1,-1.1699921435063685,3,-1.0308821366290133,-0.10527437459868337,-1.011364536478893,214,0,2,0
-0.9880449199729566,1,37,0,0.7446915355890559,0,1.7757367988870667,-0.10527437459868337,1.4947426751090134,337,0,1,2
0.11950757606269188,1,38,0,-1.4515632727851073,3,0.24355197184512503,9.498987800327424,-0.8854940356825776,207,2,2,0
-0.9058471905520635,1,4,2,-1.3952490469293595,3,0.3008299093046369,-0.10527437459868337,-1.026979914226595,169,0,2,3
2.169338416363505,0,13,2,0.463120406310317,1,1.7757367988870667,-0.10527437459868337,0.13179440016334307,240,3,0,0
-0.49625646401598084,1,11,0,0.6320630838775603,1,-0.042837715452434144,-0.10527437459868337,0.9689665984006927,342,1,1,2
-0.8961815683363901,1,40,1,-0.2126503039586563,0,0.3867468154939046,-0.10527437459868337,0.4842822659385919,284,0,0,2
0.42772909109720686,1,17,0,0.8573199873005514,1,-0.77313141806121,-0.10527437459868337,0.7007193830008867,230,2,1,0
-0.1673457245694044,1,31,1,0.35049195459882143,2,0.8020118620753655,-0.10527437459868337,0.27375401811471034,282,2,0,2
-0.651385706518774,1,9,0,0.6320630838775603,0,-0.7874509024260881,-0.10527437459868337,1.1363948588385013,12,1,1,1
-1.0572220178140581,1,12,1,-0.6631641108046386,0,-0.8304093555207219,-0.10527437459868337,0.3374101763066616,160,0,2,3
2.8759273527993745,1,13,0,-1.2263063693621163,3,0.37242733112902665,-0.10527437459868337,-1.0205689842032186,60,3,2,1
0.3842337911266758,1,7,0,-0.550535659093143,1,1.661180923968043,-0.10527437459868337,0.3399693989746278,292,2,2,2
0.23457640913440855,1,35,1,-0.9447352400833774,3,0.6444975340617078,-0.10527437459868337,-0.8946778860413662,349,2,2,2
0.3579129438534162,1,15,2,1.195205342435038,2,-1.2313549177373047,-0.10527437459868337,0.4088109439405066,309,2,1,2
-0.6592140617017164,1,39,1,0.7446915355890559,0,-0.24331049656072556,-0.10527437459868337,0.5818545611578271,299,1,1,2
0.8692722877677475,1,34,0,-0.2689645298144041,1,0.18627403438561319,-0.10527437459868337,0.46182083882054553,131,3,0,3
1.1353564828124463,1,34,2,1.1388911165792903,0,-1.3745497613860844,-0.10527437459868337,1.7092951332246769,9,3,1,1
0.6535132331848202,1,35,2,-0.15633607810290853,0,0.4153857842236605,-0.10527437459868337,0.5646918063241614,298,3,0,2
-0.8204542141177247,1,20,1,-0.8884210142276296,0,-0.9736041991695015,-0.10527437459868337,1.4184835038791395,343,0,2,2
-0.0825119163624184,0,33,2,0.5194346321660648,2,0.257871456210003,-0.10527437459868337,-0.8536247618555283,32,2,1,1
-0.44241655183941914,0,15,1,0.8010057614448036,0,-0.28626894965535943,-0.10527437459868337,2.023752538206635,193,1,1,0
-0.004228364532996583,1,21,1,0.6320630838775603,0,0.34378836239927074,-0.10527437459868337,-1.2845242235592622,323,2,1,2
-0.9659977155801807,1,16,0,1.2515195682907858,0,0.6444975340617078,-0.10527437459868337,0.14993295518932187,229,0,1,0
-0.9552936380851373,1,32,1,0.2941777287430737,1,0.6588170184265858,-0.10527437459868337,1.228091755538321,53,0,0,1
0.9144051518326693,0,3,0,1.0825768907235425,2,-0.4724222463987729,-0.10527437459868337,0.2978065917204864,329,3,1,2
1.8332783117243439,1,16,2,-0.775792562516134,0,-1.3029523395616944,-0.10527437459868337,2.358135319674903,240,3,2,0
0.4477792661065792,0,2,0,0.40680618045456923,1,0.45834423731829443,-0.10527437459868337,0.34496940945872295,273,2,0,2
-1.0054590161962362,1,29,0,0.8573199873005514,1,0.6731365027914638,-0.10527437459868337,0.4200416574995298,6,0,1,1
0.6741225764215457,1,39,0,-1.1136779176506206,3,1.7757367988870667,-0.10527437459868337,-1.056009326280237,127,3,2,3
-0.5175447972430633,1,33,1,-1.2263063693621163,3,-1.489105636305108,-0.10527437459868337,-0.874922437820737,354,1,2,2
-0.9229817026616667,1,14,2,1.8146618268482635,2,2.334196689117307,-0.10527437459868337,-0.0005719947891886072,203,0,1,0
-0.047723664503527406,1,42,1,-0.6631641108046386,1,-0.6012976056826745,-0.10527437459868337,0.03089048106850597,177,2,2,0
0.2606176722939917,1,4,2,-1.3952490469293595,3,-0.4008248245743831,-0.10527437459868337,-1.2283268863623802,208,2,2,0
0.5589339215868246,0,27,2,-0.7194783366603863,0,-1.0595211053587692,-0.10527437459868337,1.3729453033476298,329,3,2,2
-0.973306843123438,1,8,2,1.0262626648677948,2,-0.6156170900475525,-0.10527437459868337,-0.2022588234563334,268,0,1,2
-0.8496907242907538,1,12,1,0.5757488580218125,2,0.7733728933456095,-0.10527437459868337,0.3044080473750797,303,0,1,2
-1.0148450542982332,0,24,1,-1.3389348210736118,3,0.043079190736833604,-0.10527437459868337,-1.246388201267595,211,0,2,0
-0.4665007262032668,0,17,0,1.8709760527040113,2,-0.10011565291194598,-0.10527437459868337,0.06933031450184322,96,1,1,3
0.006236069436038412,1,18,1,1.0825768907235425,0,0.8592897995348773,9.498987800327424,-0.9721651751913808,201,2,1,0
0.03263679788463434,0,5,1,0.463120406310317,0,-0.14307410600657985,-0.10527437459868337,0.32360221738482714,350,2,0,2
-0.820574035880729,1,26,0,-1.282620595217864,3,1.990529064360236,-0.10527437459868337,-0.8421417305686774,343,0,2,2
0.12573830773891118,1,3,0,0.463120406310317,2,-1.116799042818281,-0.10527437459868337,-0.29439598884450513,216,2,0,0
-0.5670311853638051,1,15,1,-0.6631641108046386,1,-0.5297001838582848,-0.10527437459868337,1.254737022531061,61,1,2,1
0.04437933065904763,1,31,1,1.195205342435038,2,-0.6728950275070643,-0.10527437459868337,-0.13719946973717734,157,2,1,3
-0.5186631336977694,0,0,2,1.1388911165792903,0,1.2315963930217042,-0.10527437459868337,0.6045477086381642,307,1,1,2
-0.2522993545393944,1,11,1,-0.7194783366603863,1,1.4034302054002397,-0.10527437459868337,0.3314420896423296,275,2,2,2
-0.42719918793788353,1,16,0,-0.8321067883718818,0,-0.01419874672267823,-0.10527437459868337,0.2380948290288617,181,1,2,0
2.7492757493039166,1,33,0,0.463120406310317,1,-1.2456744021021826,-0.10527437459868337,-1.1184785612831216,155,3,0,3
1.834117064065373,1,30,0,0.5757488580218125,1,0.014440222007077688,-0.10527437459868337,1.2142889459578707,195,3,1,0
-0.25521501743916375,1,8,0,0.012606599464334787,1,-1.4604666675753522,-0.10527437459868337,-0.3536546094943168,302,2,0,2
-0.731826050082272,1,24,1,-1.0010494659391251,3,1.2029574242919483,-0.10527437459868337,-1.1491068438365692,246,1,2,0
-0.7432490581553407,1,4,0,1.5330906975695247,2,-0.4724222463987729,-0.10527437459868337,0.32830871541002066,126,1,1,3
-0.05351504971539786,0,36,1,0.6883773097333081,2,1.632541955238287,-0.10527437459868337,-0.2441461409464179,259,2,1,0
-0.7980874850236042,0,13,2,0.35049195459882143,0,1.1743184555621924,-0.10527437459868337,1.5370264918856842,112,0,0,3
-1.093048724952319,1,24,2,1.3641480200022813,0,0.3867468154939046,-0.10527437459868337,1.2634265361169628,277,0,1,2
-0.9323677407636637,0,39,2,-1.057363691794873,3,1.8902926738060903,-0.10527437459868337,-0.8923503837356906,118,0,2,3
1.2567758693233864,1,12,0,-0.9447352400833774,3,0.18627403438561319,-0.10527437459868337,-1.215842308176295,81,3,2,1
-0.20980256926056537,1,4,2,-1.5078774986408552,3,0.14331558129097932,-0.10527437459868337,-1.1796089675261037,242,2,2,0
-0.8508090607454597,1,21,0,0.5757488580218125,2,-0.7444924493314541,-0.10527437459868337,0.6231548537301086,334,0,1,2
-0.6611312099097837,1,17,2,0.969948439012047,0,-1.0022431678992574,-0.10527437459868337,1.4875464705245405,310,1,1,2
2.595504486781838,1,37,0,0.8010057614448036,2,0.48698320604805034,-0.10527437459868337,0.5135536970372931,237,3,1,0
1.3435268257384396,0,13,1,0.9136342131562992,2,-1.1740769802777928,-0.10527437459868337,0.5656907785527037,269,3,1,2
-0.426839722648871,1,37,1,0.8573199873005514,1,1.1456794868324365,-0.10527437459868337,-0.7274890699779246,174,1,1,0
0.267407572197564,1,35,1,-1.282620595217864,3,0.057398675101711566,-0.10527437459868337,-0.8217348906629419,194,2,2,0
2.378067927516852,1,42,2,-1.282620595217864,3,2.420113595306575,-0.10527437459868337,-1.1861409070720097,265,3,2,2
0.062432476285016296,1,22,1,-0.4379072073816474,1,-0.9020067773451117,-0.10527437459868337,-1.0023351663616318,289,2,0,2
-0.9940360081231675,1,14,0,-1.5078774986408552,3,1.7757367988870667,-0.10527437459868337,-1.039891887747572,160,0,2,3
-0.2727888760131155,1,12,0,-1.3389348210736118,3,-0.6442560587773084,-0.10527437459868337,-1.2672713552513728,295,2,2,2
-1.0275461611766803,1,6,0,1.5330906975695247,2,0.7447339246158536,-0.10527437459868337,0.5241252948991341,97,0,1,3
-0.4085868740845618,1,31,2,-0.9447352400833774,3,-0.6872145118719423,-0.10527437459868337,-0.9310245122020107,178,1,2,0
-0.7501587798219173,0,21,1,-0.2126503039586563,1,0.21491300311536912,-0.10527437459868337,0.9137450613961237,158,1,0,3
-0.8282026881253308,1,3,1,-0.9447352400833774,3,-1.2599938864670606,-0.10527437459868337,-1.2733939221572317,110,0,2,3
-0.5224574895262364,1,0,0,0.463120406310317,1,-0.7301729649665761,-0.10527437459868337,0.509766356449186,255,1,0,0
0.39725442270646744,0,26,2,-1.3389348210736118,3,-0.443783277669017,-0.10527437459868337,-1.0989522587540907,86,2,2,3
-0.5143495502296177,0,8,1,1.476776471713777,2,-0.17171307473633576,-0.10527437459868337,0.14600400771314817,328,1,1,2
0.4451431873204863,0,17,2,-1.057363691794873,3,-1.2743133708319385,-0.10527437459868337,-0.8886428579390393,281,2,2,2
-0.7067034204390544,1,39,1,1.0262626648677948,0,-1.0022431678992574,-0.10527437459868337,1.3032232210050465,175,1,1,0
-0.5595223548822076,1,14,1,1.0825768907235425,0,-0.801770386790966,-0.10527437459868337,2.24975198221946,138,1,1,3
2.368402305301178,1,38,0,0.35049195459882143,2,1.5752640177787751,-0.10527437459868337,-0.3658585485749611,151,3,0,3
0.7254062909873505,1,11,1,0.40680618045456923,1,0.8736092838997552,-0.10527437459868337,0.13130263806114836,132,3,0,3
0.1998280978631856,0,22,1,-1.3952490469293595,3,0.8020118620753655,-0.10527437459868337,-1.2275750825202814,295,2,2,2
1.9164745558369385,1,33,2,0.463120406310317,1,-1.1597574959129149,-0.10527437459868337,-0.10481783644239634,103,3,0,3
-1.0851005480063727,1,4,2,0.8010057614448036,0,-1.0308821366290133,-0.10527437459868337,1.9550165547391332,286,0,1,2
-0.9189876438948594,0,22,2,1.5894049234252725,2,0.587219596602196,-0.10527437459868337,0.3990323446518386,283,0,1,2
-0.15140943008984348,0,3,2,-0.15633607810290853,0,1.8473342207114565,-0.10527437459868337,0.7082091000442607,56,2,0,1
-1.0777514798754473,1,35,0,0.5757488580218125,1,-1.2886328551968165,-0.10527437459868337,-0.9873274108972698,357,0,1,2
-0.42476281209013117,1,26,1,-1.057363691794873,3,2.4773915327660867,-0.10527437459868337,-0.989884058894544,88,1,2,3
1.5250567966898287,1,4,0,-1.282620595217864,3,1.2172769086568263,-0.10527437459868337,-0.9959808790934819,1,3,2,1
-0.9816943665337331,1,18,2,-1.1136779176506206,3,2.348516173482185,-0.10527437459868337,-1.0903837546907185,10,0,2,1
-0.6616504375494687,0,42,2,0.1815492770315781,1,0.3008299093046369,-0.10527437459868337,0.1562177263487844,73,1,0,1
-0.10907240716168672,1,18,0,0.969948439012047,2,-0.443783277669017,-0.10527437459868337,-0.9187690797075241,346,2,1,2
1.105680626175068,1,33,0,0.23786350288732588,0,-0.1573935903714578,-0.10527437459868337,2.499296789711713,347,3,0,2
1.2834561818856585,0,5,1,-0.7194783366603863,1,1.4750276272246294,-0.10527437459868337,-0.6495537881274813,317,3,2,2
-0.994275651649176,1,34,1,0.5757488580218125,0,-0.3005884340202374,-0.10527437459868337,-1.2709273876341818,153,0,1,3
-1.0405268521688038,1,36,0,0.23786350288732588,0,-0.35786637147974926,-0.10527437459868337,1.7345809740919775,208,0,0,0
2.474204922033902,1,9,2,-0.6631641108046386,0,0.7017754715212197,-0.10527437459868337,1.5542690615108052,22,3,2,1
-0.47257169552881384,1,19,0,0.23786350288732588,1,-1.1597574959129149,-0.10527437459868337,-1.2204406700324195,132,1,0,3
-0.8827215902922496,0,15,2,1.702033375136768,2,1.0884015493729247,-0.10527437459868337,0.33113055448858314,109,0,1,3
-0.29287899161015596,1,30,2,0.40680618045456923,2,1.3747912366704838,-0.10527437459868337,-0.06942898777922,209,1,0,0
-0.9039699829316642,1,11,1,-0.8884210142276296,0,-0.6156170900475525,-0.10527437459868337,-0.9720338669860827,217,0,2,0
-0.7031087675489279,0,6,2,-0.7194783366603863,1,-0.6299365744124305,-0.10527437459868337,-0.6013456540882445,21,1,2,1
0.09027106588966288,1,10,0,-1.0010494659391251,3,0.043079190736833604,-0.10527437459868337,-0.9634344668744051,156,2,2,3
-0.7979277226729318,1,31,2,1.2515195682907858,2,-0.6585755431421864,-0.10527437459868337,-0.14768095412479396,239,0,1,0
-1.0343360610802526,1,26,1,-1.3389348210736118,3,-0.5869781213177966,-0.10527437459868337,-0.9826440849083052,223,0,2,0
1.8181408289981442,0,38,0,-1.057363691794873,3,-0.042837715452434144,-0.10527437459868337,-1.2019674078164653,350,3,2,2
-0.8475738731443458,1,26,0,-0.6068498849488907,1,0.4440247529534165,-0.10527437459868337,0.8689947100964024,152,0,2,3
-0.8397455179614037,0,20,0,-1.1699921435063685,3,-0.9020067773451117,-0.10527437459868337,-1.0582801858306863,250,0,2,0
-0.5585238401905058,1,39,1,0.5757488580218125,0,-1.0308821366290133,-0.10527437459868337,2.35928619747428,143,1,1,3
0.4834462108941679,1,8,0,-1.282620595217864,3,-0.9020067773451117,-0.10527437459868337,-0.8358080406660646,165,3,2,3
0.7674237892141628,1,27,0,-1.3952490469293595,3,0.42970526858853847,-0.10527437459868337,0.9090102419933165,215,3,2,0
-0.9575303109945493,1,16,0,0.6883773097333081,0,0.9022482526295111,-0.10527437459868337,-1.248852161119953,350,0,1,2
-0.4676190626579728,1,42,0,-0.775792562516134,1,-1.489105636305108,-0.10527437459868337,0.1073633499658257,164,1,2,3
0.15205915501217082,0,27,1,-1.2263063693621163,3,-0.3721858558446272,-0.10527437459868337,-1.0763080300169037,105,2,2,3
-0.44497274945017584,1,17,0,-1.057363691794873,3,-0.5010612151285289,-0.10527437459868337,-1.1644853518805964,179,1,2,0
-0.26344277849878656,1,37,1,0.12523505117583034,1,1.0740820650080467,-0.10527437459868337,-0.090018629304096,300,2,0,2
-0.14326155020555673,1,32,2,-1.057363691794873,3,0.5585806278724401,-0.10527437459868337,-0.9052366105497465,139,2,2,3
-1.0148051137105651,1,16,1,1.3078337941465337,0,0.14331558129097932,-0.10527437459868337,2.2316777939607846,271,0,1,2
-0.8245281540598681,0,29,1,1.6457191492810201,2,0.8163313464402434,-0.10527437459868337,-0.8535861417951465,3,0,1,1
3.4602581503832743,1,1,2,1.195205342435038,2,-0.11443513727682394,-0.10527437459868337,0.6611209477560959,257,3,1,0
0.1485843238850485,1,22,0,1.9836045044155068,2,1.5752640177787751,-0.10527437459868337,0.5049826183032289,21,2,1,1
-0.3814672150579406,0,2,2,1.8709760527040113,2,0.043079190736833604,-0.10527437459868337,0.62197822922381,161,1,1,3
2.3058553450129766,1,13,1,0.6320630838775603,2,-0.01419874672267823,-0.10527437459868337,-0.5460159809146065,151,3,1,3
-0.0644188301487817,1,28,0,1.0825768907235425,2,-0.9592847148046235,-0.10527437459868337,0.6464041300799435,205,2,1,0
-0.22621815079214308,0,33,2,1.476776471713777,2,1.4034302054002397,-0.10527437459868337,0.1130868429144062,42,2,1,1
-1.0602575024768315,1,34,1,-0.775792562516134,1,0.14331558129097932,-0.10527437459868337,0.43064930075106017,149,0,2,3
-0.6177557317022572,1,8,2,-0.9447352400833774,3,-1.116799042818281,-0.10527437459868337,-0.8088229171419649,34,1,2,1
0.47066522284038476,1,25,2,0.6320630838775603,2,-1.4604666675753522,-0.10527437459868337,0.05941268299580058,291,3,1,2
1.7069462329302307,1,19,2,0.35049195459882143,2,0.4440247529534165,-0.10527437459868337,-0.47428823010286214,267,3,0,2
0.3697353578031656,1,35,0,1.3641480200022813,2,-0.7158534806016982,-0.10527437459868337,0.47155051936606335,303,2,1,2
-1.0640119177176304,1,17,0,1.2515195682907858,2,2.133723908009016,-0.10527437459868337,0.6326553885840277,125,0,1,3
-0.3122501766291712,1,39,1,-0.775792562516134,1,-1.1883964646426708,-0.10527437459868337,0.4869419007635509,268,1,2,2
-0.6705571885994489,1,10,0,1.4204622458580292,2,0.3008299093046369,-0.10527437459868337,-0.8049248657140967,206,1,1,0
0.10716593447325737,1,1,1,-1.3952490469293595,3,-1.131118527183159,-0.10527437459868337,-1.1387927130439406,234,2,2,0
1.3708461877034008,0,29,1,-0.9447352400833774,3,-0.3005884340202374,-0.10527437459868337,-1.2607162436692376,63,3,2,1
1.9190307534476951,1,5,2,-1.282620595217864,3,-0.02851823108755619,-0.10527437459868337,-0.9441192873421281,124,3,2,3
-0.617116682299568,1,38,1,0.40680618045456923,0,-1.532064089399742,-0.10527437459868337,0.8601635896224343,194,1,0,0
-0.7231988831459684,1,15,2,0.9136342131562992,2,0.7447339246158536,-0.10527437459868337,0.7432374948105402,13,1,1,1
-0.538273962242793,1,18,2,1.2515195682907858,0,-0.3149079183851154,-0.10527437459868337,-0.9905508986038027,63,1,1,1
-0.9640805673721132,0,14,1,-1.2263063693621163,3,0.31514939366951483,-0.10527437459868337,-0.8786557103243096,181,0,2,0
-1.0083347385083374,1,17,1,0.7446915355890559,1,2.4773915327660867,-0.10527437459868337,-0.6483848876332593,340,0,1,2
-0.6959194617686749,1,37,2,0.8573199873005514,0,-0.14307410600657985,-0.10527437459868337,1.7745115418560518,235,1,1,0
-0.6432378266344875,1,32,2,0.6883773097333081,1,-0.35786637147974926,-0.10527437459868337,0.9312450980904566,325,1,1,2
-0.9688734378922819,0,32,2,0.8010057614448036,2,-0.6728950275070643,-0.10527437459868337,-0.35360569075116655,350,0,1,2
-0.851967337787834,0,30,1,-1.4515632727851073,3,1.7327783457924328,-0.10527437459868337,-1.000074605493951,123,0,2,3
-0.9043294482206768,0,17,2,-0.9447352400833774,3,0.4440247529534165,-0.10527437459868337,-0.9866837432242401,13,0,2,1
-0.2814959241247553,1,30,1,-1.3952490469293595,3,0.5013026904129283,-0.10527437459868337,-1.1985894398684052,266,2,2,2
-0.9582492415725746,1,33,0,-1.3952490469293595,3,-0.5010612151285289,-0.10527437459868337,-0.9244256312181096,344,0,2,2
-0.4917032370218205,1,24,2,0.06892082532008256,1,-0.6299365744124305,-0.10527437459868337,0.7558714038967685,250,1,0,0
-0.3113315431128054,1,6,2,-1.1699921435063685,3,-0.5726586369529186,-0.10527437459868337,-0.972883508314482,141,1,2,3
0.5318941437355397,0,1,1,-1.1136779176506206,3,0.21491300311536912,-0.10527437459868337,-0.8409908527693002,254,3,2,0
-1.0348153481322695,1,26,0,0.6320630838775603,1,-1.3029523395616944,-0.10527437459868337,0.8527897327602055,296,0,1,2
0.48480419087488225,1,0,0,0.12523505117583034,0,2.2482797829280394,-0.10527437459868337,0.7409305898704016,161,3,0,3
-0.6197927016733289,1,29,2,-1.282620595217864,3,0.5156221747778063,-0.10527437459868337,-1.2312826083169326,101,1,2,3
0.40292598615533376,1,23,1,-0.2689645298144041,1,0.6874559871563417,-0.10527437459868337,0.5826063649999259,278,2,0,2
-0.60940814887963,1,20,0,0.23786350288732588,1,-1.2313549177373047,-0.10527437459868337,-0.5463455387631977,114,1,0,3
-1.0393286345387616,1,0,0,0.463120406310317,2,-0.2576299809256035,-0.10527437459868337,-0.8986712002848429,281,0,0,2
0.03886752956085365,1,25,0,-1.282620595217864,3,1.3318327835758499,-0.10527437459868337,-1.0054917126301697,275,2,2,2
2.3860560450504664,1,37,2,-0.9447352400833774,1,0.7733728933456095,-0.10527437459868337,-0.12342755620503268,114,3,2,3
-0.9473854017268589,0,9,0,-0.4942214332373952,0,2.1480433923738937,-0.10527437459868337,2.3672573779370802,256,0,0,0
-0.6083696936002602,0,16,2,0.23786350288732588,1,0.8306508308051214,-0.10527437459868337,-0.4876971150674181,312,1,0,2
0.28406279725515027,1,3,2,-1.1699921435063685,3,0.40106629985878256,-0.10527437459868337,-1.0522760537766647,212,2,2,0
-0.5947898937931154,1,40,0,1.3641480200022813,2,-1.2599938864670606,-0.10527437459868337,-0.6434955879889253,320,1,1,2
0.17418624058028304,1,1,2,0.5757488580218125,1,0.8449703151699993,-0.10527437459868337,1.1178417818310915,244,2,1,0
-1.1019954165899672,1,34,0,0.463120406310317,2,2.2769187516577953,-0.10527437459868337,-0.9953166140549151,340,0,0,2
-0.9058471905520635,1,20,1,0.5194346321660648,0,2.4917110171309647,-0.10527437459868337,1.9838528664908663,35,0,1,1
0.4258918240644754,0,36,2,-0.775792562516134,1,0.34378836239927074,-0.10527437459868337,1.2419151624843079,92,2,2,3
-1.0559439190086797,1,14,1,-1.2263063693621163,3,0.5585806278724401,-0.10527437459868337,-1.0784630293862074,249,0,2,0
0.2094138389035229,1,34,2,0.6320630838775603,2,1.317513299210972,-0.10527437459868337,0.23158091217780072,214,2,1,0
2.813580095449513,1,25,2,0.012606599464334787,0,1.646861439603165,-0.10527437459868337,-1.1605615537458072,22,3,0,1
-0.9447093823530981,1,25,0,-1.5078774986408552,3,-0.5583391525880407,-0.10527437459868337,-0.8601052079875919,305,0,2,2
-0.7112167068455466,0,31,2,1.0262626648677948,2,-0.3721858558446272,-0.10527437459868337,-0.6538715108781649,70,1,1,1
-0.5061217891699947,1,24,0,1.3641480200022813,2,-0.8590483242504778,-0.10527437459868337,-0.48142006792003195,67,1,1,1
-0.9898023058303518,1,35,2,1.5894049234252725,2,0.14331558129097932,-0.10527437459868337,-0.999140000032712,187,0,1,0
-0.8905898860628599,1,0,0,1.1388911165792903,0,-1.0452016209938912,-0.10527437459868337,0.7492081561455645,323,0,1,2
-1.0347354669569333,1,18,0,0.463120406310317,0,-1.4461471832104742,-0.10527437459868337,2.3734134155619375,140,0,0,3
1.4240869910649416,1,18,2,-1.0010494659391251,3,0.8020118620753655,-0.10527437459868337,-1.2306440899852873,215,3,2,0
-0.7835091705247577,1,24,0,-1.4515632727851073,3,-0.07147668418219007,-0.10527437459868337,-0.9049225007253079,164,1,2,3
-0.7723258059776975,1,27,2,1.702033375136768,2,0.7304144402509757,-0.10527437459868337,0.5930003105840104,14,1,1,1
0.5315346784465269,0,41,0,0.9136342131562992,2,-0.5869781213177966,-0.10527437459868337,-0.6555270241331975,191,3,1,0
-0.41793297159889076,1,3,0,-0.6631641108046386,0,-1.4604666675753522,-0.10527437459868337,1.4456720263879166,86,1,2,3
-0.5489380991501683,1,7,0,-0.6068498849488907,1,0.6158585653319519,-0.10527437459868337,-0.551046887447007,62,1,2,1
-0.4464106106062264,1,9,1,-0.9447352400833774,3,-0.057157199817312106,-0.10527437459868337,-1.1195161535720455,152,1,2,3
0.033435609637995745,1,24,0,1.0262626648677948,2,-1.2027159490075487,-0.10527437459868337,-0.6584544247101368,96,2,1,3
1.0188098479970107,1,17,0,-1.282620595217864,3,0.42970526858853847,-0.10527437459868337,-1.0494979840998682,204,3,2,0
0.06602712917514295,1,5,2,-1.1136779176506206,3,0.3581078467641487,-0.10527437459868337,-0.8213203686815106,188,2,2,0
-0.9960330375065711,1,1,1,1.9272902785597592,2,0.014440222007077688,-0.10527437459868337,-0.8281509700277025,127,0,1,3
-0.027793311257159226,1,28,0,-1.1136779176506206,3,-1.1740769802777928,-0.10527437459868337,-0.8565753344686967,88,2,2,3
0.9134865183163036,1,11,1,-1.3389348210736118,3,-1.4031887301158403,-0.10527437459868337,-1.0262847531397228,183,3,2,0
-0.2810565776604066,1,39,1,-1.282620595217864,3,-1.2599938864670606,-0.10527437459868337,-0.8476643992032726,73,2,2,1
0.2941278253475044,1,40,0,1.0262626648677948,2,0.6874559871563417,-0.10527437459868337,0.09113520059339923,100,2,1,3
-0.06266144429138654,1,6,1,-1.3952490469293595,3,0.4440247529534165,-0.10527437459868337,-1.192829901530135,190,2,2,0
-0.9234210491260154,1,14,1,0.8010057614448036,0,-1.2743133708319385,-0.10527437459868337,0.9691159293008356,129,0,1,3
-0.9987889380556682,0,18,1,1.0262626648677948,2,-0.38650534020950517,-0.10527437459868337,0.06571290217941593,185,0,1,0
0.21704249114812482,1,19,0,1.7583476009925159,2,0.37242733112902665,-0.10527437459868337,0.5423101939975709,120,2,1,3
1.5602045138377327,0,28,0,0.969948439012047,0,1.9189316425358462,-0.10527437459868337,2.1752332883774583,116,3,1,3
-0.9085631505134925,1,6,0,0.23786350288732588,0,0.3867468154939046,-0.10527437459868337,0.7111416499625844,53,0,0,1
1.1132293972443337,1,10,0,1.5330906975695247,2,-1.3172718239265724,-0.10527437459868337,0.023189641028377967,75,3,1,1
-0.7559102244461197,0,33,2,-1.5078774986408552,3,2.420113595306575,-0.10527437459868337,-0.8573966544194827,160,1,2,3
1.8717410976486977,1,22,0,0.7446915355890559,0,0.1146766125612234,-0.10527437459868337,2.0994298338600896,286,3,1,2
-0.8390265873833784,1,24,2,-1.4515632727851073,3,0.5442611435075622,-0.10527437459868337,-1.1953093094066456,313,0,2,2
-0.7336633171150033,1,27,0,-0.8884210142276296,1,0.31514939366951483,-0.10527437459868337,1.2264825863557467,214,1,2,0
-0.8116273442430807,1,38,1,-1.282620595217864,3,-1.0022431678992574,-0.10527437459868337,-0.9917815911946357,159,0,2,3
-0.9433514023723836,0,30,1,1.8146618268482635,2,-0.8733678086153558,-0.10527437459868337,0.24654232356970435,220,0,1,0
-0.34068787504883863,0,16,2,1.9272902785597592,2,0.5013026904129283,-0.10527437459868337,0.015215885894885248,159,1,1,3
0.0557224575567801,1,11,1,1.8146618268482635,2,0.028759706371955646,-0.10527437459868337,0.4554305061627059,233,2,1,0
0.07645162255650968,1,9,1,-1.2263063693621163,3,0.24355197184512503,-0.10527437459868337,-1.1717279005375274,116,2,2,3
0.25770200939422233,0,12,1,-1.0010494659391251,3,-0.42946379330413903,-0.10527437459868337,-0.9551852219768557,79,2,2,1
-0.7145717162096648,1,34,2,-1.0010494659391251,3,-1.0165626522641353,-0.10527437459868337,-1.0806566488158926,142,1,2,3
-0.9977504827762983,0,8,2,-0.2689645298144041,0,-0.2289910121958476,-0.10527437459868337,2.197650946093739,4,0,0,1
-1.0589794036714533,1,27,1,1.7583476009925159,2,-0.6012976056826745,-0.10527437459868337,-0.05168178269844365,74,0,1,1
-0.278021092997633,0,18,2,-1.1136779176506206,3,-0.801770386790966,-0.10527437459868337,-1.168867441398583,271,2,2,2
-1.0047001450305428,0,36,2,0.012606599464334787,0,2.2625992672929174,-0.10527437459868337,1.7095294282576596,250,0,0,0
-0.5981049625695656,1,26,0,0.40680618045456923,2,-0.6299365744124305,-0.10527437459868337,0.25958560529597935,261,1,0,0
0.45824370007561416,1,10,0,0.8573199873005514,1,0.7590534089807316,-0.10527437459868337,-0.18699360092275963,2,2,1,1
0.9733175186430761,0,39,1,-0.2126503039586563,1,-0.6585755431421864,-0.10527437459868337,-0.2846096655437606,44,3,0,1
2.2863643382309573,1,39,0,-1.1136779176506206,3,2.1480433923738937,-0.10527437459868337,-1.2193876297193427,87,3,2,3
-0.41865190217691606,1,8,2,1.3078337941465337,0,-1.2599938864670606,-0.10527437459868337,0.4482986683455362,290,1,1,2
-0.04744408038985092,1,35,0,-0.8321067883718818,1,0.7160949558860976,-0.10527437459868337,1.181979403442469,195,2,2,0
-0.4991721269157501,1,29,1,0.5757488580218125,0,-0.057157199817312106,-0.10527437459868337,0.4489037159581843,108,1,1,3
-1.0232325777085285,1,9,1,-0.9447352400833774,3,0.48698320604805034,-0.10527437459868337,-1.0713904089949564,234,0,2,0
-0.6620897840138175,1,10,0,0.06892082532008256,0,-0.2576299809256035,-0.10527437459868337,1.830899404684151,106,1,0,3
0.17774095288274142,0,33,1,-0.7194783366603863,1,-1.088160074088525,-0.10527437459868337,0.35801526585569016,119,2,2,3
-0.5134309167132519,1,38,1,1.2515195682907858,2,0.8020118620753655,-0.10527437459868337,-0.7650766874121704,327,1,1,2
-1.0513906920145195,1,9,1,0.6883773097333081,2,0.5013026904129283,-0.10527437459868337,-0.3093007574811822,124,0,1,3
1.1543282619547806,0,5,0,-1.1699921435063685,3,-0.758811933696332,-0.10527437459868337,-1.217858275328224,55,3,2,1
-0.2828139635178018,1,16,0,0.35049195459882143,2,2.2339602985631615,-0.10527437459868337,-0.30593051354519846,59,2,0,1
-0.38494204618506295,1,33,1,1.702033375136768,2,-0.8876872929802337,-0.10527437459868337,0.6565457579362002,251,1,1,0
-0.7964898615168813,1,42,1,-1.3389348210736118,3,0.12899609692610137,-0.10527437459868337,-1.1445059073097525,138,0,2,3
0.1661581824590005,0,42,1,-1.3389348210736118,3,-0.8447288398855999,-0.10527437459868337,-1.0151209810186947,160,2,2,3
1.222107439227499,0,26,2,0.8010057614448036,1,0.3294688780343928,-0.10527437459868337,0.2023789971877866,293,3,1,2
-0.7055052028090123,1,22,2,1.0262626648677948,2,0.2865104249397589,-0.10527437459868337,-1.0263207985294125,346,1,1,2
1.2474297718090572,1,5,2,0.969948439012047,2,1.303193814846094,-0.10527437459868337,-0.790571076605533,329,3,1,2
-0.20524934226640507,0,29,1,-1.1136779176506206,3,1.1456794868324365,-0.10527437459868337,-0.8356612844366137,136,2,2,3
1.4947019500620935,1,31,2,1.5330906975695247,2,-0.5297001838582848,-0.10527437459868337,-0.716837657324628,204,3,1,0
-0.7842281011027831,1,39,2,-0.38159298152589965,0,0.5442611435075622,-0.10527437459868337,0.21018024938490731,163,1,0,3
-0.34120710268852367,1,35,1,-1.1136779176506206,3,-1.503425120669986,-0.10527437459868337,-1.212773300711289,212,1,2,0
0.10956236973334181,0,2,1,1.8709760527040113,2,0.08603764383146749,-0.10527437459868337,-0.8222549741427498,38,2,1,1
-0.3027043761765018,1,40,2,1.3078337941465337,2,2.405794110941697,-0.10527437459868337,-0.6120279627898464,357,1,1,2
-1.0738772428716443,1,30,0,-1.282620595217864,3,0.31514939366951483,-0.10527437459868337,-1.0284963952642532,84,0,2,1
0.6337027017014564,1,23,1,-0.8321067883718818,1,-0.2003520434660917,-0.10527437459868337,0.5726346654093487,281,3,2,2
1.8609171983906498,0,16,2,-1.4515632727851073,3,-0.14307410600657985,-0.10527437459868337,-1.0519542199401497,143,3,2,3
-1.0426437033152118,1,1,0,0.6883773097333081,0,-1.0738405897236472,-0.10527437459868337,1.509104188229653,161,0,1,3
0.054084893462389254,1,21,2,0.012606599464334787,0,-1.1883964646426708,-0.10527437459868337,2.4515778431039785,261,2,0,0
-0.7652163813727805,1,41,0,-0.2126503039586563,0,2.10508493927926,-0.10527437459868337,2.527909105113232,134,1,0,3
1.1119113578512876,0,4,1,-1.282620595217864,3,-0.6585755431421864,-0.10527437459868337,-1.101856487294801,121,3,2,3
-0.9477448670158716,1,29,1,-1.2263063693621163,3,1.1599989711973144,-0.10527437459868337,0.33440553560895864,344,0,2,2
-0.8160208088865687,0,25,2,-1.1136779176506206,3,-0.816089871155844,-0.10527437459868337,-0.8014027162072779,229,0,2,0
0.2747965809161575,1,37,1,-0.043707626391412985,0,-1.532064089399742,-0.10527437459868337,2.053119232120945,276,2,0,2
-0.0974097555626095,1,32,0,1.702033375136768,2,1.4750276272246294,-0.10527437459868337,-0.6049450437158269,90,2,1,3
2.931245066719655,1,40,1,0.9136342131562992,2,0.14331558129097932,-0.10527437459868337,0.1876776275357868,216,3,1,0
-0.8731757898395803,1,27,1,1.2515195682907858,0,0.31514939366951483,-0.10527437459868337,0.9854238934647176,49,0,1,1
-1.0774319551741027,1,25,0,-0.2689645298144041,0,0.37242733112902665,-0.10527437459868337,0.8802151249726571,56,0,0,1
1.0507623181314685,1,15,1,0.012606599464334787,0,2.1910018454685276,-0.10527437459868337,-1.206027663497937,29,3,0,1
-0.05263635678670039,1,3,0,1.0825768907235425,0,0.08603764383146749,-0.10527437459868337,0.8623314623451985,58,2,1,1
-0.11650135646794813,1,25,0,1.702033375136768,2,1.1886379399270703,-0.10527437459868337,-0.6335599337880379,150,2,1,3
-1.0104116490670771,1,33,1,0.5194346321660648,1,-0.1287546216417019,-0.10527437459868337,0.3988546923740823,180,0,1,0
0.604266488590087,1,13,0,1.195205342435038,0,-0.816089871155844,-0.10527437459868337,1.7577452863089729,199,3,1,0
-0.6376860849486253,0,22,1,-0.32527875567015185,0,0.10035712819634544,-0.10527437459868337,0.4336256200711499,92,1,0,3
-0.4454120959145246,1,26,2,0.8573199873005514,1,2.405794110941697,-0.10527437459868337,-0.7840417117303191,94,1,1,3
0.04737487473415306,1,3,0,1.1388911165792903,2,-0.7874509024260881,-0.10527437459868337,-0.5072671869982149,287,2,1,2
-0.6068120106812054,1,20,0,-1.3389348210736118,3,0.3008299093046369,-0.10527437459868337,-1.2634634172977286,26,1,2,1
0.11127981500306895,1,6,2,0.7446915355890559,2,1.3891107210353617,-0.10527437459868337,-0.1636902564883902,119,2,1,3
0.9169613494434259,0,15,1,1.0825768907235425,0,-0.9020067773451117,-0.10527437459868337,1.6379793297236716,226,3,1,0
0.9058578660717018,0,3,1,-1.1136779176506206,3,-0.2576299809256035,-0.10527437459868337,-1.0305612811593328,257,3,2,0
-0.9395171059562486,1,10,1,-0.8884210142276296,1,-0.01419874672267823,-0.10527437459868337,0.10718569768806935,27,0,2,1
1.317884968455537,1,3,0,-0.7194783366603863,0,-0.5010612151285289,-0.10527437459868337,1.17654942295279,233,3,2,0
-0.7405730387815799,1,6,2,1.8146618268482635,2,0.08603764383146749,-0.10527437459868337,-1.0494439160153337,264,1,1,2
0.10429021216115628,1,41,1,-1.282620595217864,3,-1.2743133708319385,-0.10527437459868337,-0.8436504875942592,108,2,2,3
1.5635195826141823,1,23,0,-1.3952490469293595,3,0.31514939366951483,-0.10527437459868337,-1.0623842109139239,169,3,2,3
-0.027074380679133894,0,34,0,-1.3952490469293595,3,0.2865104249397589,-0.10527437459868337,-1.246189951624302,199,2,2,0
-0.11738004939664572,1,16,1,-0.4379072073816474,1,-0.5726586369529186,-0.10527437459868337,1.2079089119827997,181,2,0,0
-0.9691530220059583,1,6,2,-1.4515632727851073,3,-0.6872145118719423,-0.10527437459868337,-1.0868641798545917,314,0,2,2
0.19455594029099982,0,27,2,-1.5078774986408552,3,0.257871456210003,-0.10527437459868337,-1.2409221753882265,322,2,2,2
-0.5154678866843236,1,29,0,-1.1136779176506206,3,-0.8876872929802337,-0.10527437459868337,-1.0688157383028374,349,1,2,2
3.2323172165615843,1,36,2,-1.4515632727851073,3,-1.1597574959129149,-0.10527437459868337,-0.902242268534812,264,3,2,2
0.38611099874707533,1,34,0,0.8573199873005514,0,0.3008299093046369,-0.10527437459868337,0.8961214405085687,47,2,1,1
-0.0917781327014113,1,12,2,0.23786350288732588,1,-0.5726586369529186,-0.10527437459868337,0.09039884477545328,282,2,0,2
2.165424238772034,1,41,0,-1.1136779176506206,3,-1.3315913082914503,-0.10527437459868337,-0.8510500911634092,134,3,2,3
-1.051710216715864,1,35,0,0.23786350288732588,1,0.7733728933456095,-0.10527437459868337,0.7376968034811002,183,0,0,0
-0.8793266403404635,1,8,0,-0.2689645298144041,1,-0.6442560587773084,-0.10527437459868337,-1.25843508543602,143,0,0,3
0.019735988067846877,1,22,2,-0.4379072073816474,1,2.2769187516577953,-0.10527437459868337,0.44985376944357613,117,2,0,3
-0.9200660397618974,1,19,2,0.06892082532008256,1,-1.532064089399742,-0.10527437459868337,-0.7932693314908738,286,0,0,2
0.7823615690020218,1,15,2,-0.6068498849488907,0,0.7733728933456095,-0.10527437459868337,-1.2516637015157468,247,3,2,0
-0.3368935192203718,1,34,0,0.8010057614448036,2,0.3008299093046369,-0.10527437459868337,-0.5383460369227838,11,1,1,1
-0.4326710484484095,1,3,0,-1.5078774986408552,3,1.2029574242919483,-0.10527437459868337,-0.9233803149171094,218,1,2,0
-1.1003578524955764,1,37,2,1.9836045044155068,2,-0.8447288398855999,-0.10527437459868337,0.11880003718021846,175,0,1,0
-0.9442700358887492,1,5,0,0.5757488580218125,0,-1.1740769802777928,-0.10527437459868337,-0.9257567359659351,278,0,1,2
-0.7924558621624059,1,34,2,0.9136342131562992,0,0.5442611435075622,-0.10527437459868337,-0.8477210419584992,259,0,1,0
-0.4287568708569384,0,36,0,-1.282620595217864,3,-1.532064089399742,-0.10527437459868337,0.2984425353814399,169,1,2,3
0.835921897064907,0,34,0,0.1815492770315781,1,0.15763506565585728,-0.10527437459868337,-0.7989928244394544,11,3,0,1
-0.5159871143240086,1,31,1,0.7446915355890559,2,-0.9020067773451117,-0.10527437459868337,-0.7519561655651317,37,1,1,1
-0.4505244911360378,1,9,0,0.9136342131562992,0,0.6158585653319519,-0.10527437459868337,1.5259476838974957,293,1,1,2
1.7716499849525078,1,16,0,-1.0010494659391251,3,0.014440222007077688,-0.10527437459868337,-1.2005461895944156,218,3,2,0
-0.03442344881005935,1,25,0,0.463120406310317,2,-0.801770386790966,-0.10527437459868337,-0.7737481783032273,17,2,0,1
1.4379463749857628,1,16,0,0.35049195459882143,2,2.2769187516577953,-0.10527437459868337,0.018931135703613093,212,3,0,0
-0.24187486115802753,0,29,2,0.12523505117583034,1,0.27219094057488097,-0.10527437459868337,-1.1499333131287395,192,2,0,0
0.5619694062495981,1,20,0,0.06892082532008256,0,-0.1287546216417019,-0.10527437459868337,1.5195419032155038,10,3,0,1
0.05875794221955357,0,22,0,0.06892082532008256,1,0.5013026904129283,-0.10527437459868337,-1.070713270602929,48,2,0,1
-0.10352066547582459,1,40,0,0.6883773097333081,2,0.8449703151699993,-0.10527437459868337,-0.6561037503682321,279,2,1,2
-0.37048355344922074,1,41,2,-1.3389348210736118,3,-0.3721858558446272,-0.10527437459868337,-0.9167634112383634,18,1,2,1
-0.972787615483753,1,39,2,-1.057363691794873,1,1.5466250490490192,-0.10527437459868337,-0.4779777332046687,145,0,2,3
-0.09529290441620165,1,22,0,0.012606599464334787,1,-0.8447288398855999,-0.10527437459868337,-0.970913885235011,48,2,0,1
-0.553730969670337,0,7,1,-1.282620595217864,3,-1.0738405897236472,-0.10527437459868337,-1.2625597078847948,136,1,2,3
-0.9376398983358493,1,14,2,-1.5078774986408552,3,0.3867468154939046,-0.10527437459868337,-0.1927222432127245,49,0,2,1
1.6113684066405332,1,18,1,-1.3389348210736118,3,0.6588170184265858,-0.10527437459868337,-1.1681285109099449,161,3,2,3
-0.8926268560339317,1,3,1,1.4204622458580292,2,0.17195455002073523,-0.10527437459868337,-0.13629833499493568,321,0,1,2
-1.0633329277272732,1,5,1,0.35049195459882143,1,-0.3435468871148713,-0.10527437459868337,-0.5458100072592369,238,0,0,0
-0.9566116774781837,1,7,1,1.0262626648677948,2,1.0884015493729247,-0.10527437459868337,0.025491396627132283,282,0,1,2
0.6864242774233119,1,10,2,1.2515195682907858,2,-0.9879236835343794,-0.10527437459868337,-1.0514907792155683,180,3,1,0
3.428824907888501,1,36,0,-0.8321067883718818,0,1.8759731894412124,-0.10527437459868337,2.1689871372783776,51,3,2,1
0.08100484955067011,1,25,2,-0.32527875567015185,0,0.6158585653319519,-0.10527437459868337,-0.939446260035932,206,2,0,0
1.6233106423532868,1,19,1,-0.7194783366603863,0,-0.18603255910121375,-0.10527437459868337,0.3150749080525289,85,3,2,3
-1.0221541818414905,0,18,2,0.1815492770315781,1,0.14331558129097932,-0.10527437459868337,0.8861059715162257,357,0,0,2
0.15425588733391485,1,29,0,1.8709760527040113,2,-0.3721858558446272,-0.10527437459868337,-0.2152377384153054,5,2,1,1
-0.21391644979037683,0,4,1,1.6457191492810201,2,-0.1287546216417019,-0.10527437459868337,-0.25946028222314205,273,2,1,2
-0.24479052405779678,1,4,0,-0.15633607810290853,0,2.5919474076851103,-0.10527437459868337,1.3781693101819397,201,2,0,0
-1.0380505357333834,1,9,0,1.6457191492810201,2,0.4440247529534165,-0.10527437459868337,0.44833728840591813,350,0,1,2
0.8570904085289855,1,25,2,1.8709760527040113,2,0.5156221747778063,-0.10527437459868337,-0.6920796239492114,166,3,1,3
0.2907328753957184,0,33,2,1.6457191492810201,2,0.8449703151699993,-0.10527437459868337,-0.12124938479949995,109,2,1,3
-0.23664264417351005,1,2,1,-1.2263063693621163,3,1.7757367988870667,-0.10527437459868337,-1.2014318763125047,8,2,2,1
0.05500352697875477,1,12,1,0.1815492770315781,1,-0.6585755431421864,-0.10527437459868337,0.3096861222939237,139,2,0,3
0.578424928368844,0,0,1,-1.057363691794873,3,-0.14307410600657985,-0.10527437459868337,-0.945844316705848,61,3,2,1
1.3415697369427042,1,40,0,0.9136342131562992,2,0.5442611435075622,-0.10527437459868337,-0.47138400156215193,239,3,1,0
-0.8127456806977869,1,19,2,1.3641480200022813,0,-0.7158534806016982,-0.10527437459868337,0.2343770045494419,27,0,1,1
-0.8387070626820339,1,11,2,0.8010057614448036,1,-1.1883964646426708,-0.10527437459868337,0.21009528525206717,48,0,1,1
-1.0001069774487144,1,16,0,0.969948439012047,2,-1.088160074088525,-0.10527437459868337,-0.8844075246505034,53,0,1,1
-1.0345357640185928,1,23,2,0.1815492770315781,1,0.5156221747778063,-0.10527437459868337,-0.35439096531226294,100,0,0,3
0.16224400486752932,1,20,0,0.5194346321660648,1,0.07171815946658952,-0.10527437459868337,-0.544146769992128,317,2,1,2
-0.3911727778612823,1,23,2,-0.2689645298144041,0,0.7733728933456095,-0.10527437459868337,1.6880077559422364,247,1,0,0
2.5627132643063506,1,39,2,1.3078337941465337,0,0.2865104249397589,-0.10527437459868337,0.4882833041941449,81,3,1,1
-1.0520297414172086,1,20,0,-0.4379072073816474,1,1.288874330481216,-0.10527437459868337,-0.6112607109235949,215,0,0,0
0.35192185570320533,1,32,0,-1.1136779176506206,3,0.8163313464402434,-0.10527437459868337,-1.0392559440866185,181,2,2,0
-0.054833089108444415,1,9,1,1.476776471713777,2,-1.47478615194023,-0.10527437459868337,0.48568031212441265,336,2,1,2
-0.8887526190301286,1,0,1,-0.6068498849488907,1,0.3008299093046369,-0.10527437459868337,-0.04286353557793595,154,0,2,3
-0.5425076645356086,1,3,2,-1.1699921435063685,3,-0.6299365744124305,-0.10527437459868337,-0.8868174164183269,304,1,2,2
-0.9822535347610862,1,40,0,-1.3952490469293595,3,-1.489105636305108,-0.10527437459868337,-1.0585711236188957,4,0,2,1
-0.73290444594931,1,36,2,-0.32527875567015185,1,0.8163313464402434,-0.10527437459868337,0.8527536873705155,291,1,0,2
-1.0848209638926962,1,40,1,-1.3389348210736118,3,-0.18603255910121375,-0.10527437459868337,-0.9846960974499241,247,0,2,0
-0.39512689604042145,1,40,2,-0.6068498849488907,1,-0.3005884340202374,-0.10527437459868337,0.8649499024390837,189,1,2,0
-0.6007410413556583,1,18,0,-1.282620595217864,3,-1.102479558453403,-0.10527437459868337,-1.1373045533838957,108,1,2,3
-0.9634814585570921,1,8,1,0.463120406310317,0,0.6874559871563417,-0.10527437459868337,1.8561543495031465,96,0,0,3
-0.7410922664212649,1,29,1,0.35049195459882143,0,0.7876923777104875,-0.10527437459868337,1.0635342529222247,49,1,0,1
-0.3131288695578688,1,25,2,-0.4942214332373952,1,-0.2719494652904815,-0.10527437459868337,-0.5806684737598365,236,1,0,0
-0.5572058007974593,1,11,1,0.7446915355890559,1,-1.0738405897236472,-0.10527437459868337,-0.6381325489372414,77,1,1,1
-0.5609202754505901,0,22,1,-1.1699921435063685,3,-0.6872145118719423,-0.10527437459868337,0.6065868478263224,270,1,2,2
-0.5761376393521257,1,34,1,-1.3389348210736118,3,0.5156221747778063,-0.10527437459868337,-0.8854245195738906,138,1,2,3
-1.1030738124570052,1,16,1,-0.10002185224716076,0,0.257871456210003,-0.10527437459868337,2.2667267860926006,313,0,0,2
-0.08379001516779692,1,18,1,1.3641480200022813,2,-0.28626894965535943,-0.10527437459868337,0.6080492607794461,40,2,1,1
-0.883520402045611,1,4,1,-0.4942214332373952,0,-0.14307410600657985,-0.10527437459868337,1.5483241468827023,35,0,0,1
-0.6359286990912302,1,13,0,0.2941777287430737,1,-0.9879236835343794,-0.10527437459868337,0.7380624067193812,343,1,0,2
-0.5570060978591189,0,34,2,1.195205342435038,0,0.014440222007077688,-0.10527437459868337,0.7561726403677462,291,1,1,2
2.1426581038012324,0,1,0,0.5194346321660648,0,-0.9163262617099897,-0.10527437459868337,2.529749994658097,128,3,1,3
-0.15716087471404588,1,8,0,1.3641480200022813,0,-0.7158534806016982,-0.10527437459868337,2.1565900978958243,14,2,1,1
1.6281434534611239,1,23,0,-1.3389348210736118,3,-1.2599938864670606,-0.10527437459868337,-1.180049236214456,42,3,2,1
2.4016728148286823,1,8,0,0.8573199873005514,1,0.2865104249397589,-0.10527437459868337,-0.04006229386491041,42,3,1,1
-0.0030301469029543645,1,2,1,1.3078337941465337,0,-1.489105636305108,-0.10527437459868337,0.9867704462366957,154,2,1,3
-1.072679025241602,1,21,0,1.9272902785597592,2,1.1456794868324365,-0.10527437459868337,-0.27429296008043974,234,0,1,0
1.4385055432131157,1,7,2,1.1388911165792903,2,1.2602353617514601,-0.10527437459868337,-0.24745716745648288,106,3,1,3
-0.6956398776549984,1,36,1,0.35049195459882143,0,0.8592897995348773,-0.10527437459868337,1.6164241866892508,64,1,0,1
0.9117690730465766,1,10,1,0.40680618045456923,2,0.9165677369943891,-0.10527437459868337,0.06117375774921004,226,3,0,0
0.37760365357377595,1,24,0,0.06892082532008256,0,-0.4008248245743831,-0.10527437459868337,-0.973359822392524,116,2,0,3
-1.0506717614364942,1,41,1,0.2941777287430737,1,-1.1740769802777928,-0.10527437459868337,-0.6782510676618401,171,0,0,0
-1.055065226079982,1,23,1,-0.10002185224716076,1,-0.3005884340202374,-0.10527437459868337,-1.0531720391775221,247,0,0,0
-0.4369446913288933,1,22,0,-0.2689645298144041,0,0.24355197184512503,9.498987800327424,2.371724431587907,111,1,0,3
-0.8160208088865687,1,15,0,0.6320630838775603,2,-0.2576299809256035,-0.10527437459868337,-0.586214314430661,205,0,1,0
-0.30282419793950605,0,9,2,0.9136342131562992,0,1.1027210337378026,-0.10527437459868337,1.8121429286920636,145,1,1,3
-0.5073200068000369,1,19,2,-0.2126503039586563,0,1.2172769086568263,-0.10527437459868337,2.3844304314535143,127,1,0,3
-1.0129678466778338,1,37,0,0.06892082532008256,0,-1.2456744021021826,-0.10527437459868337,0.7305546669811619,320,0,0,2
-0.9095616652051943,1,4,1,0.1815492770315781,1,0.40106629985878256,-0.10527437459868337,0.23868700328804912,213,0,0,0
1.7686145002897344,0,29,0,-1.282620595217864,3,-0.32922740274999335,-0.10527437459868337,-1.2160045124298982,68,3,2,1
-0.5687486306335323,1,20,2,-1.4515632727851073,3,-0.2576299809256035,-0.10527437459868337,-1.0370777726810858,197,1,2,0
-0.6404419854977222,1,28,0,-1.5078774986408552,3,2.5776279233202324,-0.10527437459868337,-1.1277756971523634,121,1,2,3
-0.754991590929754,0,15,2,0.2941777287430737,1,2.405794110941697,-0.10527437459868337,0.03500480483451231,174,1,0,0
-1.0844215580160155,1,15,0,-1.1136779176506206,3,1.4750276272246294,-0.10527437459868337,-0.9832723045571824,99,0,2,3
-0.6943218382619519,1,3,0,-0.7194783366603863,1,-1.2313549177373047,-0.10527437459868337,0.35640609667311574,191,1,2,0
-0.4815982683417982,1,28,0,1.4204622458580292,2,0.24355197184512503,-0.10527437459868337,-0.2846611589576031,127,1,1,3
0.9099318060138452,1,32,0,1.3078337941465337,2,0.8592897995348773,-0.10527437459868337,-0.6654240582737031,292,3,1,2
-0.9835715741541325,1,18,0,0.06892082532008256,0,-0.8304093555207219,-0.10527437459868337,1.5201572495109201,61,0,0,1
-1.0772322522357622,1,1,0,0.2941777287430737,0,0.6301780496968299,-0.10527437459868337,0.2999564417484059,107,0,0,3
-0.0046277704096771705,0,32,0,0.463120406310317,2,-0.6872145118719423,-0.10527437459868337,-0.8693714478085283,333,2,0,2
-0.5254130930136737,1,22,0,1.3078337941465337,2,1.689819892697799,-0.10527437459868337,0.047633564579356,301,1,1,2
0.3679380313581023,1,11,2,-0.6068498849488907,1,-1.4318276988455962,-0.10527437459868337,-0.02350716131458496,129,2,2,3
1.1244926429667303,1,2,0,0.8573199873005514,0,-0.3435468871148713,-0.10527437459868337,1.2189388012278377,295,3,1,2
0.6064232803241627,1,19,1,-1.057363691794873,3,1.4177496897651176,-0.10527437459868337,-1.1322993935584162,306,3,2,2
-0.9608853203586674,1,40,1,-0.6631641108046386,0,0.20059351875049114,-0.10527437459868337,0.2851726826342584,94,0,2,3
-0.7915372286460404,0,32,2,0.6883773097333081,2,-1.3888692457509624,-0.10527437459868337,-0.7416111387241975,149,0,1,3
-0.578494134024542,1,5,1,-0.4942214332373952,1,-0.2576299809256035,-0.10527437459868337,1.0821542713676295,49,1,0,1
-0.2937976251265217,1,7,1,0.5757488580218125,2,-1.1740769802777928,-0.10527437459868337,0.4215220931474983,202,1,1,0
1.891711391482734,1,6,1,1.8709760527040113,2,-1.3172718239265724,-0.10527437459868337,0.0062817785932322385,285,3,1,2
-1.1042720300870474,1,2,0,0.40680618045456923,1,-1.2599938864670606,-0.10527437459868337,-0.7472805635882436,51,0,0,1
-0.08043500580367871,1,20,2,1.2515195682907858,0,-1.3029523395616944,-0.10527437459868337,2.117970037514039,232,2,1,0
1.9584521134760826,1,38,0,1.0262626648677948,0,0.5156221747778063,-0.10527437459868337,-0.8517735736278946,340,3,1,2
-0.3795500668498732,1,36,2,0.5194346321660648,0,0.057398675101711566,-0.10527437459868337,-1.1811511952706828,121,1,1,3
-0.3706832563875611,0,32,2,0.5194346321660648,0,-0.01419874672267823,-0.10527437459868337,1.099813937644874,187,1,1,0
-0.5320831711542418,1,6,1,0.6883773097333081,0,-1.2743133708319385,-0.10527437459868337,1.6513083998967715,220,1,1,0
-0.8180577788576404,1,13,0,-0.2689645298144041,0,-1.2743133708319385,-0.10527437459868337,1.960263733609672,324,0,0,2
-1.019158637766385,1,10,1,-0.043707626391412985,0,-0.6585755431421864,-0.10527437459868337,0.6029514128090504,279,0,0,2
1.9994311564235248,1,2,1,0.969948439012047,0,-0.3149079183851154,-0.10527437459868337,0.502474889049105,189,3,1,0
2.047958970440233,1,24,2,-0.9447352400833774,3,1.1170405181026806,-0.10527437459868337,-1.0618461047392709,262,3,2,2
0.5152788592656214,0,24,1,0.8010057614448036,1,-0.2289910121958476,-0.10527437459868337,-0.20896841527999546,78,3,1,1
1.9574535987843806,1,13,0,0.6320630838775603,0,-1.3172718239265724,-0.10527437459868337,1.979759140090397,152,3,1,3
-1.0893342502991883,0,1,2,-1.3389348210736118,3,0.22923248748024708,-0.10527437459868337,-1.1067818323288248,3,0,2,1
0.681032298088122,0,1,1,0.463120406310317,0,-0.443783277669017,-0.10527437459868337,2.1017315894588444,66,3,0,1
-0.9092421405038497,1,1,2,-1.3389348210736118,3,0.3867468154939046,-0.10527437459868337,-1.0986201262348072,120,0,2,3
-0.7967694456305578,0,18,1,0.23786350288732588,1,0.3867468154939046,-0.10527437459868337,-0.6793118319869931,248,0,0,0
1.6996770459746413,1,42,0,-1.4515632727851073,3,0.930887221359267,-0.10527437459868337,-0.9970339194065586,290,3,2,2
-0.5741805505563902,1,1,2,-1.1136779176506206,3,0.8306508308051214,-0.10527437459868337,-1.113839004695923,35,1,2,1
2.3594156730758615,0,36,2,0.23786350288732588,1,0.00012073764219972925,-0.10527437459868337,-0.3035386444722198,214,3,0,0
-0.8964611524500665,1,16,1,-1.1699921435063685,3,-0.7015339962368202,-0.10527437459868337,-1.0682338627264183,325,0,2,2
-0.392690520192669,1,15,0,1.8709760527040113,2,0.028759706371955646,-0.10527437459868337,0.5666614294036326,235,1,1,0
3.558472055459064,0,30,2,1.5894049234252725,2,-1.1740769802777928,-0.10527437459868337,-0.9588670010665861,210,3,1,0
0.4265308734671647,1,13,0,0.7446915355890559,2,-1.532064089399742,-0.10527437459868337,0.7189892462321633,13,2,1,1
-0.19853932353816886,1,15,2,1.476776471713777,2,-0.8304093555207219,-0.10527437459868337,-0.18143488689847462,78,2,1,1
-0.9445496200024258,1,16,0,0.1815492770315781,1,-1.3602302770212065,-0.10527437459868337,-0.30016840053623606,340,0,0,2
-1.0287044382190544,1,26,0,-1.3952490469293595,3,1.7327783457924328,-0.10527437459868337,-0.9235167724637916,225,0,2,0
0.8264559777875738,1,33,1,1.2515195682907858,0,-0.6012976056826745,-0.10527437459868337,0.7549779931666032,21,3,1,1
0.8680740701377054,1,15,2,-0.6631641108046386,0,-0.1287546216417019,-0.10527437459868337,0.10864038662911674,2,3,2,1
0.09646185697821416,1,7,1,-1.3389348210736118,3,2.4630720484012087,-0.10527437459868337,-1.1712799078370988,182,2,2,0
-0.31244987956751147,1,11,2,1.4204622458580292,0,-0.42946379330413903,-0.10527437459868337,-0.8886351339269629,143,1,1,3
-0.9520584504840234,1,20,2,-1.0010494659391251,1,-0.9879236835343794,-0.10527437459868337,-1.1273071070863974,146,0,2,3
0.9530676406953636,1,37,0,-0.8884210142276296,1,-1.1740769802777928,-0.10527437459868337,-0.9577985127293565,286,3,2,2
-0.9401561553589378,1,14,0,0.1815492770315781,1,0.24355197184512503,-0.10527437459868337,-0.007392297452611878,1,0,0,1
-0.5570859790344551,1,29,0,-1.0010494659391251,3,-0.5153806994934068,-0.10527437459868337,-1.0580922348701614,183,1,2,0
-0.7267935360360949,1,6,2,-1.3389348210736118,3,0.17195455002073523,-0.10527437459868337,-0.8934291707556885,59,1,2,1
-0.735620405910739,1,22,2,1.2515195682907858,2,0.45834423731829443,-0.10527437459868337,0.09367897523721287,90,1,1,3
-0.790778357480347,0,19,2,0.35049195459882143,0,-0.14307410600657985,-0.10527437459868337,2.4943740193483817,43,0,0,1
-0.8005238608713566,1,6,0,0.5757488580218125,0,0.18627403438561319,-0.10527437459868337,0.5829796922502831,248,0,1,0
-0.17417556506064472,1,17,2,-1.4515632727851073,3,2.5489889545904765,-0.10527437459868337,-0.9984551376286083,345,2,2,2
-1.0480356826504014,1,19,1,-1.057363691794873,1,0.014440222007077688,-0.10527437459868337,0.38653231844160063,70,0,2,1
-0.14038582789345552,1,17,0,0.8573199873005514,0,0.40106629985878256,-0.10527437459868337,-1.0881206191523458,257,2,1,0
-0.6164376923092106,1,17,2,1.9272902785597592,2,1.5609445334138972,-0.10527437459868337,-0.013898490291596795,207,1,1,0
-0.5909955379646487,1,19,0,0.40680618045456923,1,0.15763506565585728,-0.10527437459868337,0.5295861714371185,198,1,0,0
-0.5551288902387195,1,9,2,-1.3389348210736118,3,-0.7158534806016982,-0.10527437459868337,-1.2557728759403688,174,1,2,0
-0.9506205893279728,1,32,2,-1.1136779176506206,3,0.8449703151699993,-0.10527437459868337,-0.9973222825240758,24,0,2,1
-0.7407727417199202,1,39,2,-1.3389348210736118,3,0.4153857842236605,-0.10527437459868337,-1.1091376560121136,350,1,2,2
0.001523080091205838,1,26,1,0.7446915355890559,1,-0.17171307473633576,-0.10527437459868337,-0.9492222846539081,319,2,1,2
-0.6521845182721355,1,32,0,0.35049195459882143,0,0.7590534089807316,-0.10527437459868337,2.131463886611435,318,1,0,2
0.10109496514771044,0,38,1,-1.0010494659391251,1,-1.5607030581294978,-0.10527437459868337,-0.5944120659143679,54,2,2,1
-0.9830523465144476,1,5,0,0.40680618045456923,1,-0.6442560587773084,-0.10527437459868337,0.11225264961015968,190,0,0,0
-0.6566578640909597,0,40,2,-1.0010494659391251,1,0.22923248748024708,-0.10527437459868337,-0.08895271563755887,193,1,2,0
1.8570030207991786,1,36,2,-1.0010494659391251,1,-1.1883964646426708,-0.10527437459868337,0.7101504017461185,218,3,2,0
-0.08195274813506545,1,5,0,-1.057363691794873,3,-0.5583391525880407,-0.10527437459868337,-1.0251287259989614,179,2,2,0
0.4048431343634013,1,13,0,0.8573199873005514,0,1.7184588614275549,-0.10527437459868337,0.648062218005668,48,2,1,1
1.1766949910489009,1,42,2,0.40680618045456923,2,0.00012073764219972925,-0.10527437459868337,-0.27907927289708895,19,3,0,1
-1.002543353296467,0,2,2,1.8146618268482635,2,0.6301780496968299,-0.10527437459868337,0.511275113474768,31,0,1,1
-0.28652843817093243,1,32,2,-1.3952490469293595,3,0.5729001122373181,-0.10527437459868337,-0.9289467529534707,92,1,2,3
1.0236426591048475,1,23,2,0.1815492770315781,1,-0.057157199817312106,-0.10527437459868337,-0.37411036814320264,319,3,0,2
0.604306429177755,1,33,1,0.5757488580218125,2,-0.6728950275070643,-0.10527437459868337,-0.42140449408673725,241,3,1,0
0.3351068682949469,1,33,0,1.0825768907235425,2,0.6874559871563417,-0.10527437459868337,0.5025135091094867,241,2,1,0
2.236558425408871,1,31,1,-1.1136779176506206,3,1.3891107210353617,-0.10527437459868337,0.23241510548204722,49,3,2,1
-0.6393236490430163,0,1,2,-0.775792562516134,0,-0.6585755431421864,-0.10527437459868337,2.210279705838583,126,1,2,3
-0.5673507100651497,1,1,0,0.1815492770315781,0,0.17195455002073523,-0.10527437459868337,1.1072470119330218,189,1,0,0
-0.36832676171514483,1,0,1,0.463120406310317,2,-1.3745497613860844,-0.10527437459868337,0.25892391492810485,257,1,0,0
-0.6541416070678711,1,8,2,-0.38159298152589965,1,2.2053213298334056,-0.10527437459868337,0.12132836379987928,142,1,0,3
0.3101040604147334,1,13,2,1.3641480200022813,0,-0.32922740274999335,-0.10527437459868337,0.41271157003906683,116,2,1,3
-0.21207918275764548,1,14,1,0.463120406310317,0,-1.1740769802777928,-0.10527437459868337,0.8472979601739157,354,2,0,2
1.8363936775624534,1,42,0,0.8573199873005514,2,-0.38650534020950517,-0.10527437459868337,-0.11992342939305875,284,3,1,2
-0.21607324152445273,1,13,0,-1.0010494659391251,3,-0.32922740274999335,-0.10527437459868337,-0.8691448767876218,112,2,2,3
1.1181021489398386,1,38,0,1.3641480200022813,0,-0.9449652304397456,-0.10527437459868337,0.032736519954755336,206,3,1,0
-0.9980300668899748,1,4,0,0.969948439012047,2,0.6444975340617078,-0.10527437459868337,0.2164032284477588,140,0,1,3
0.13089064354809238,1,11,1,-0.4942214332373952,0,0.6731365027914638,-0.10527437459868337,1.2493662594673005,268,2,0,2
-0.7865845957751993,1,18,2,0.40680618045456923,0,-0.042837715452434144,-0.10527437459868337,1.1722239761900297,211,1,0,0
-1.0033821056374965,0,11,1,1.195205342435038,0,-0.057157199817312106,-0.10527437459868337,0.03425042632172136,241,0,1,0
2.2679117867283076,0,28,1,1.5894049234252725,2,0.9165677369943891,-0.10527437459868337,-0.8772731121626416,286,3,1,2
-0.8690619093097689,1,14,0,-1.0010494659391251,3,-0.9020067773451117,-0.10527437459868337,-1.1094363178123992,227,0,2,0
1.9229449310391662,1,35,0,0.8573199873005514,1,-0.07147668418219007,-0.10527437459868337,0.5462159694375154,121,3,1,3
0.0966216193288863,1,5,0,-1.282620595217864,3,2.362835657847063,-0.10527437459868337,-1.044714245953911,285,2,2,2
0.5620093468372662,1,2,2,0.7446915355890559,0,0.601539080967074,-0.10527437459868337,1.444729696914601,140,3,1,3
-0.6360884614419023,0,19,1,-0.7194783366603863,0,-1.2599938864670606,-0.10527437459868337,2.175766245210727,47,1,2,1
0.8251778789821956,1,27,0,1.4204622458580292,2,-0.057157199817312106,-0.10527437459868337,-0.5077177543693357,36,3,1,1
-0.7923759809870697,1,23,0,-0.38159298152589965,0,0.37242733112902665,-0.10527437459868337,1.2374558328455578,353,0,0,2
-0.9613246668230162,1,24,0,1.702033375136768,2,2.03348751745487,-0.10527437459868337,0.7290845300159619,72,0,1,1
-0.7567489767871493,1,7,1,0.23786350288732588,1,-0.801770386790966,-0.10527437459868337,-0.34931371470740424,53,1,0,1
2.893740854899335,1,30,2,-0.775792562516134,0,-0.9163262617099897,-0.10527437459868337,1.1904912647506145,319,3,2,2
1.7095423711286555,1,42,2,0.8010057614448036,0,0.07171815946658952,-0.10527437459868337,-0.027485027533908826,354,3,1,2
-0.6407615101990669,1,8,2,1.476776471713777,2,1.5323055646841413,-0.10527437459868337,-0.059130305010743865,14,1,1,1
-0.6826192460752067,1,20,1,0.6883773097333081,2,-0.45810276203389494,-0.10527437459868337,-0.978269719402395,38,1,1,1
3.2375094929584347,1,4,0,1.8709760527040113,2,-0.2289910121958476,-0.10527437459868337,-0.6685033644214774,340,3,1,2
1.2265408444586552,1,19,0,-1.2263063693621163,3,-1.116799042818281,-0.10527437459868337,-0.16342764007779392,305,3,2,2
1.2288174579557356,0,6,1,0.5757488580218125,2,0.028759706371955646,-0.10527437459868337,0.3633062141279948,96,3,1,3
-0.7912576445323639,1,7,1,0.6320630838775603,2,0.3008299093046369,-0.10527437459868337,-0.8998298020962965,38,0,1,1
-0.41613564515382756,0,1,2,-1.3952490469293595,3,2.420113595306575,-0.10527437459868337,-0.9319359456270209,61,1,2,1
0.23317848856602594,1,12,0,1.9836045044155068,2,-0.8876872929802337,-0.10527437459868337,0.3840039918219396,228,2,1,0
0.5811009477426049,1,20,1,-0.9447352400833774,3,1.0597625806431688,-0.10527437459868337,-0.8189233502671479,245,3,2,0
-0.5667116606624606,1,38,0,0.6883773097333081,2,-0.38650534020950517,-0.10527437459868337,0.05300175297242428,154,1,1,3
1.2284180520790549,1,30,0,-1.057363691794873,3,0.028759706371955646,-0.10527437459868337,-1.1744416034470209,279,3,2,2
0.12629747596626414,1,20,2,-1.1136779176506206,3,0.6874559871563417,-0.10527437459868337,-0.8183105786424236,84,2,2,1
0.07433477141010195,1,4,1,-0.4942214332373952,0,-0.02851823108755619,-0.10527437459868337,-1.045146790630187,213,2,0,0
-0.7983271285496126,1,42,1,0.7446915355890559,2,2.133723908009016,-0.10527437459868337,-0.8134264283394738,275,0,1,2
-0.7381766035214955,0,39,2,-0.2689645298144041,1,-0.7015339962368202,-0.10527437459868337,0.30522164331378926,122,1,0,3
-0.7172477355834256,0,20,2,-0.2126503039586563,1,0.257871456210003,-0.10527437459868337,-0.2565251576341262,52,1,0,1
0.05736002165117117,1,8,0,-1.3389348210736118,3,-0.4151443089392611,-0.10527437459868337,-0.942059550788433,335,2,2,2
-0.8801254520938249,1,0,0,-1.282620595217864,3,0.22923248748024708,-0.10527437459868337,-0.9042556610160492,55,0,2,1
0.6369778298902383,1,39,2,-1.0010494659391251,3,-0.38650534020950517,-0.10527437459868337,-0.9921858144932985,217,3,2,0
-0.07120873005235398,1,2,2,1.5330906975695247,2,2.4773915327660867,-0.10527437459868337,0.5691665839870643,68,2,1,1
1.7930980805302628,1,29,2,0.6883773097333081,2,0.40106629985878256,-0.10527437459868337,-0.761997381264396,26,3,1,1
1.1637143000567773,1,15,0,1.5330906975695247,2,-0.2576299809256035,-0.10527437459868337,-0.5586859353905242,136,3,1,3
-0.7978079009099277,1,1,2,0.23786350288732588,0,1.5179860803192633,-0.10527437459868337,1.980425979799656,91,0,0,3
2.8835560050439764,1,4,2,-0.8884210142276296,1,-1.131118527183159,-0.10527437459868337,-0.21564453638466022,351,3,2,2
-1.0510711673131747,0,28,1,1.6457191492810201,2,2.448752564036331,-0.10527437459868337,0.07461096409137942,237,0,1,0
3.4569031410191555,0,29,1,0.9136342131562992,2,-1.0165626522641353,-0.10527437459868337,-0.6803777456535305,302,3,1,2
-0.8626714152828774,1,33,0,-1.0010494659391251,1,0.14331558129097932,-0.10527437459868337,0.6249828699215129,4,0,2,1
-0.9972312551366134,1,27,2,0.5194346321660648,1,-1.3745497613860844,-0.10527437459868337,0.6149699755998621,119,0,1,3
-1.0922499131989576,1,38,0,-0.8884210142276296,0,-1.2456744021021826,-0.10527437459868337,1.389405173082347,148,0,2,3
0.6146909819714539,0,2,1,1.5894049234252725,2,0.14331558129097932,-0.10527437459868337,0.3594261853949713,67,3,1,1
-0.39448784663773223,1,15,1,0.5757488580218125,1,-0.7444924493314541,-0.10527437459868337,0.6329643490670819,357,1,1,2
-0.11406498062019577,1,10,0,-1.5078774986408552,3,-0.9020067773451117,-0.10527437459868337,-1.1749539629147525,10,2,2,1
-0.8034395237711259,1,37,0,-1.2263063693621163,3,-0.28626894965535943,-0.10527437459868337,-1.0395803525938256,340,0,2,2
0.2793098673226496,1,16,0,1.3641480200022813,0,1.8759731894412124,-0.10527437459868337,0.5570501837099523,98,2,1,3
0.19435623735265964,1,42,0,-1.4515632727851073,3,2.2625992672929174,-0.10527437459868337,-1.1142200559583564,120,2,2,3
-0.11086973360674993,1,27,1,1.7583476009925159,2,1.8186952519817006,-0.10527437459868337,-0.17122116826283837,284,2,1,2
-1.0380105951457153,1,0,0,0.6320630838775603,0,-1.2313549177373047,-0.10527437459868337,1.4286611771250857,133,0,1,3
-0.31676346303566333,0,2,1,-1.057363691794873,3,-1.131118527183159,-0.10527437459868337,-1.2510432058789462,226,1,2,0
1.23121389321582,1,33,1,-1.2263063693621163,3,-0.9163262617099897,-0.10527437459868337,-0.8704837055475237,173,3,2,0
0.6284704847169389,0,41,2,-1.0010494659391251,3,0.07171815946658952,-0.10527437459868337,-0.9814236910002408,226,3,2,0
0.9321387727572935,0,26,2,-1.0010494659391251,3,2.5060305014958426,-0.10527437459868337,0.18499224600390657,94,3,2,3
0.21832058995350312,1,10,0,1.6457191492810201,2,-1.532064089399742,-0.10527437459868337,0.6413552008526979,183,2,1,0
-0.31065255312244827,1,32,2,0.6320630838775603,1,2.133723908009016,-0.10527437459868337,1.1569947990461458,265,1,1,2
-0.25701234388422695,1,1,2,0.8010057614448036,1,0.8449703151699993,-0.10527437459868337,-0.2393340814228475,258,2,1,0
-0.02699449950379782,1,30,2,-1.2263063693621163,3,0.2865104249397589,-0.10527437459868337,-0.9890678882851422,102,2,2,3
0.11603274493556956,1,7,0,-1.057363691794873,1,0.014440222007077688,-0.10527437459868337,1.1585241534372646,80,2,2,1
1.460632628781228,0,11,0,-0.38159298152589965,0,-0.48674173076365085,-0.10527437459868337,1.7712236873822156,38,3,0,1
-0.7142921320959882,1,24,1,0.12523505117583034,1,-1.532064089399742,-0.10527437459868337,1.1403083582905222,305,1,0,2
2.4431311448281416,1,41,2,-0.4942214332373952,1,0.7160949558860976,-0.10527437459868337,-0.07288677051873595,299,3,0,2
1.0406174088637783,1,18,2,-1.0010494659391251,3,0.21491300311536912,-0.10527437459868337,-1.2401961182530488,184,3,2,0
-0.1443399460725946,1,23,0,-1.1136779176506206,3,0.6158585653319519,-0.10527437459868337,-0.9434730449984063,33,2,2,1
-0.586242608032148,1,1,0,1.0825768907235425,0,-0.35786637147974926,-0.10527437459868337,1.5691712554767905,207,1,1,0
2.0887782510370028,0,36,1,-1.3952490469293595,3,-0.5010612151285289,-0.10527437459868337,-1.1371217517647554,318,3,2,2
-1.0724393817155937,1,9,2,0.6883773097333081,0,0.6588170184265858,-0.10527437459868337,2.166245112991271,197,0,1,0
-0.9937164834218228,1,11,0,-1.3952490469293595,3,0.6301780496968299,-0.10527437459868337,-1.145074909532711,125,0,2,3
0.6150504472604665,0,1,2,-1.2263063693621163,3,-0.28626894965535943,-0.10527437459868337,-1.2274077289252936,186,3,2,0
2.4284330085662913,0,33,0,0.12523505117583034,1,-0.8590483242504778,-0.10527437459868337,0.6833661025360043,220,3,0,0
-0.3118907113401585,1,40,0,-0.8884210142276296,1,-0.9306457460748676,-0.10527437459868337,1.216281741073571,83,1,2,1
-0.9388381159658914,1,33,0,-0.043707626391412985,0,0.7447339246158536,-0.10527437459868337,-1.246449993364206,192,0,0,0
-0.4443736406351547,1,16,0,-0.8321067883718818,1,0.7590534089807316,-0.10527437459868337,0.07407543258741868,41,1,2,1
0.3211276626111216,1,24,0,0.463120406310317,2,-1.3459107926563285,-0.10527437459868337,0.6564195990722864,295,2,0,2
1.242357317175212,1,9,2,-0.9447352400833774,3,2.362835657847063,-0.10527437459868337,-0.819747244888626,76,3,2,1
-0.8167796800522621,1,15,2,1.3078337941465337,0,0.1146766125612234,-0.10527437459868337,0.46386512735008795,26,0,1,1
-0.4591516580723415,1,40,2,-0.4942214332373952,1,0.40106629985878256,-0.10527437459868337,0.6223155110844777,159,1,0,3
1.2281784085530465,0,26,2,-0.10002185224716076,0,-0.14307410600657985,-0.10527437459868337,1.7922613216075205,204,3,0,0
-0.9552536974974691,0,28,2,1.5330906975695247,2,0.14331558129097932,-0.10527437459868337,-0.9486378344067969,359,0,1,2
0.7996957840499654,0,37,0,-1.2263063693621163,3,-0.9592847148046235,-0.10527437459868337,-0.9040548367020638,25,3,2,1
1.4468531260357431,1,30,1,0.8573199873005514,0,-1.088160074088525,-0.10527437459868337,1.703530445545022,338,3,1,2
-0.8750529974599798,1,31,2,-0.9447352400833774,3,-1.2170354333724267,-0.10527437459868337,1.0504111564044942,216,0,2,0
1.9926013159322848,0,33,2,1.8709760527040113,2,-0.28626894965535943,-0.10527437459868337,-0.055124117413806774,15,3,1,1
-0.11406498062019577,1,32,1,-1.3389348210736118,3,-0.02851823108755619,-0.10527437459868337,0.2751803856781445,164,2,2,3
-0.35430761544365136,1,4,2,1.2515195682907858,2,-1.3315913082914503,-0.10527437459868337,0.5297638237148746,0,1,1,1
1.5898404298874422,0,17,2,0.6320630838775603,2,-1.2599938864670606,-0.10527437459868337,-0.1042900289505119,287,3,1,2
-0.7289103871825028,0,8,1,1.2515195682907858,2,-0.9020067773451117,-0.10527437459868337,-0.9892532645749748,353,1,1,2
0.5905668670199381,0,14,2,0.8010057614448036,1,0.22923248748024708,-0.10527437459868337,0.17522652006869924,302,3,1,2
-0.9068057646560973,1,28,1,0.8573199873005514,1,-0.77313141806121,-0.10527437459868337,0.1594051686656278,23,0,1,1
2.346115457382394,0,11,1,-0.6068498849488907,1,-0.8733678086153558,-0.10527437459868337,0.584297923644648,286,3,2,2
-0.8253269658132295,1,12,2,-1.1136779176506206,3,-0.2003520434660917,-0.10527437459868337,-0.9350075277627189,271,0,2,2
-0.06210227606403357,1,6,2,-0.9447352400833774,3,-1.0452016209938912,-0.10527437459868337,-1.1033137509065403,324,2,2,2
-0.37583559219674245,1,25,0,-1.0010494659391251,3,-0.801770386790966,-0.10527437459868337,-1.051895002514231,64,1,2,1
-0.4811189812897813,1,5,0,0.35049195459882143,0,-0.24331049656072556,-0.10527437459868337,2.405612247237578,244,1,0,0
-0.6256639680605354,1,7,0,-0.15633607810290853,0,1.632541955238287,-0.10527437459868337,0.06811764460585515,344,1,0,2
0.12501937716088585,0,34,1,0.8010057614448036,1,-0.2576299809256035,-0.10527437459868337,1.0396799289597418,24,2,1,1
0.9166018841544133,1,25,0,0.8010057614448036,1,-1.116799042818281,-0.10527437459868337,-0.6057534903131523,97,3,1,3
0.20398191898066498,1,27,0,-0.2126503039586563,1,-0.1573935903714578,-0.10527437459868337,-0.6658463042672106,333,2,0,2
2.072841956557442,1,2,1,1.2515195682907858,2,-0.7874509024260881,-0.10527437459868337,-0.9297603488921803,129,3,1,3
-0.8181776006206446,1,4,2,-0.8884210142276296,0,-0.6728950275070643,-0.10527437459868337,-0.9795107106759964,286,0,2,2
0.009111791748139735,1,13,0,-1.1136779176506206,3,0.17195455002073523,-0.10527437459868337,-0.8236555949992627,30,2,2,1
0.10736563741159778,1,16,2,-1.1136779176506206,3,-0.24331049656072556,-0.10527437459868337,-1.2065760683553584,236,2,2,0
0.29580533002956355,1,27,1,1.0825768907235425,2,-1.4031887301158403,-0.10527437459868337,0.6428073151230531,9,2,1,1
-0.7638584013920661,1,9,1,-0.775792562516134,0,-1.3745497613860844,-0.10527437459868337,-1.098717963721108,355,1,2,2
1.3067814850838129,1,32,0,-0.9447352400833774,3,-0.5583391525880407,-0.10527437459868337,-1.1329971293159806,9,3,2,1
-0.07436403647813178,1,5,0,-1.0010494659391251,3,0.057398675101711566,-0.10527437459868337,-0.9659138747509158,13,2,2,1
2.8649836317783226,1,2,2,0.9136342131562992,0,0.5585806278724401,-0.10527437459868337,2.1699758108241514,182,3,1,0
-1.0618551259835545,0,2,1,1.702033375136768,2,-0.7874509024260881,-0.10527437459868337,0.5531315349165471,107,0,1,3
-0.8529658524795357,1,35,0,1.3641480200022813,2,-0.2719494652904815,-0.10527437459868337,-0.03339647144301414,239,0,1,0
0.6770382393213148,0,24,1,0.5757488580218125,2,0.34378836239927074,-0.10527437459868337,-0.8976516306907638,190,3,1,0
-0.8538445454082333,1,9,0,-1.057363691794873,1,0.24355197184512503,-0.10527437459868337,-0.18233602164071627,68,0,2,1
-0.7836689328754299,1,5,2,0.1815492770315781,1,-0.1287546216417019,-0.10527437459868337,-0.7874891957870666,83,1,0,1
-0.4248027526777992,1,42,1,1.0825768907235425,0,-0.7158534806016982,-0.10527437459868337,2.127944311775308,30,1,1,1
-0.9138752486733461,1,2,1,-1.282620595217864,3,-0.7158534806016982,-0.10527437459868337,-0.4497284463707387,269,0,2,2
0.1905618815241926,1,17,1,0.8573199873005514,0,-0.18603255910121375,-0.10527437459868337,2.1657585002304605,225,2,1,0
-0.6050546248238102,1,20,0,0.6883773097333081,2,0.27219094057488097,-0.10527437459868337,0.25743832993875204,306,1,1,2
0.9166817653297494,1,16,1,-0.4379072073816474,1,-1.0595211053587692,-0.10527437459868337,1.252787996817127,68,3,0,1
1.8437427456933788,1,30,1,-0.2126503039586563,0,0.7733728933456095,-0.10527437459868337,2.2518606375163053,148,3,0,3
-0.38725860026981107,0,28,2,-0.6631641108046386,1,-0.9163262617099897,-0.10527437459868337,1.2346211204135347,17,1,2,1
-0.2085644110428551,1,4,0,-0.9447352400833774,3,-1.2027159490075487,-0.10527437459868337,-0.9171650598663339,45,2,2,1
0.3282770278037064,1,5,2,1.9272902785597592,2,0.5442611435075622,-0.10527437459868337,0.5261979048062899,347,2,1,2
1.769932539682781,1,40,1,0.5194346321660648,2,-1.0738405897236472,-0.10527437459868337,-0.5171050037128018,132,3,1,3
3.3520191578027974,1,40,0,0.6320630838775603,2,-0.21467152783096966,-0.10527437459868337,-0.9569617447544178,51,3,1,1
0.05648132872247347,1,24,0,0.6883773097333081,2,0.22923248748024708,-0.10527437459868337,0.5233168483018086,220,2,1,0
-0.715250706200022,1,23,2,-0.9447352400833774,3,0.4153857842236605,-0.10527437459868337,-1.1661485891477055,155,1,2,3
-0.7063040145623737,0,25,1,-1.5078774986408552,3,-0.21467152783096966,-0.10527437459868337,0.26772413935376776,348,1,2,2
-0.924299742054713,1,8,1,0.6320630838775603,1,2.076445970549504,-0.10527437459868337,0.15146230958044046,82,0,1,1
-0.07632112527386736,1,35,2,-0.32527875567015185,0,1.5179860803192633,-0.10527437459868337,1.14635625974631,228,2,0,0
3.202401716398198,1,19,2,0.463120406310317,1,1.317513299210972,-0.10527437459868337,-0.790851715710974,78,3,0,1
0.0407047965935849,1,12,2,-1.282620595217864,3,1.9475706112656022,-0.10527437459868337,-1.2673357220186756,116,2,2,3
0.8945946203493055,0,35,2,-1.057363691794873,1,0.3867468154939046,-0.10527437459868337,0.8779906094946665,104,3,2,3
-1.0033821056374965,1,23,0,-1.0010494659391251,3,-1.2456744021021826,-0.10527437459868337,-0.945998796947375,46,0,2,1
0.6368580081272339,1,17,0,-1.3952490469293595,3,0.8163313464402434,-0.10527437459868337,-1.1030614331787125,168,3,2,3
0.06015586278793619,1,3,0,1.3078337941465337,0,1.5036665959543853,-0.10527437459868337,0.17866113077198606,199,2,1,0
2.992114522325797,1,30,1,0.463120406310317,2,0.6588170184265858,-0.10527437459868337,-0.5086266131236539,61,3,0,1
-1.0066172932386104,1,24,2,0.2941777287430737,1,0.08603764383146749,-0.10527437459868337,0.06815626466623684,21,0,0,1
-0.614959890565492,0,3,2,-0.775792562516134,0,-1.5607030581294978,-0.10527437459868337,0.44855613541474815,215,1,2,0
-0.5503759603062189,1,32,1,-1.2263063693621163,3,-1.2599938864670606,-0.10527437459868337,-0.9113694761383739,97,1,2,3
-0.9031312305906347,1,40,2,-1.5078774986408552,3,-0.5153806994934068,-0.10527437459868337,-1.1275439767900723,21,0,2,1
-0.46306583566381265,0,7,2,-1.1699921435063685,3,-0.2576299809256035,-0.10527437459868337,-0.3114403088263331,271,1,2,2
-1.0976019519464792,1,3,2,1.0262626648677948,2,-1.2456744021021826,-0.10527437459868337,-0.05623380048210995,298,0,1,2
-1.0172814301459856,1,41,0,1.0825768907235425,0,-0.24331049656072556,-0.10527437459868337,0.6622126081295543,293,0,1,2
-0.601060566057003,1,2,1,0.6883773097333081,2,-1.145438011548037,-0.10527437459868337,0.2551520223641503,248,1,1,0
-0.921503900917948,1,11,2,0.5757488580218125,0,-0.7301729649665761,-0.10527437459868337,-0.9132541350850051,0,0,1,1
-0.1338755121035596,1,37,1,0.6883773097333081,0,-1.0165626522641353,-0.10527437459868337,2.2200969251876326,226,2,1,0
-0.1829624943476207,0,28,1,0.8573199873005514,2,-0.32922740274999335,-0.10527437459868337,0.17526514012908093,345,2,1,2
-0.40846705232155756,1,37,2,-0.32527875567015185,1,-1.2170354333724267,-0.10527437459868337,-0.9430044549324407,106,1,0,3
1.9388013443433911,1,20,0,1.0825768907235425,0,1.7900562832519447,-0.10527437459868337,-1.262327987522504,16,3,1,1
-0.971709219616715,1,20,1,0.6883773097333081,1,-1.1597574959129149,-0.10527437459868337,-0.5233717521774195,216,0,1,0
-1.04392180212059,1,33,1,-1.1136779176506206,3,-0.9592847148046235,-0.10527437459868337,-0.8050922193090845,315,0,2,2
2.5929882297587494,1,25,0,0.6883773097333081,1,-0.17171307473633576,-0.10527437459868337,-0.5123264149082288,1,3,1,1
-0.7021901340325623,0,40,2,0.06892082532008256,1,1.1456794868324365,-0.10527437459868337,-0.52973891279903,330,1,0,2
0.1282146241743317,1,14,1,-1.0010494659391251,1,-1.102479558453403,-0.10527437459868337,0.8894169980262905,238,2,2,0
-0.07875750112161961,0,13,2,0.8010057614448036,2,2.4917110171309647,-0.10527437459868337,0.7314043083095612,214,2,1,0
1.8750561664251473,0,23,1,-1.3389348210736118,3,-0.7874509024260881,-0.10527437459868337,-0.8780043186392035,81,3,2,1
-0.7800742799853035,0,34,1,-1.2263063693621163,3,0.5299416591426842,-0.10527437459868337,-1.2416379338406354,51,1,2,1
0.7974990517282213,1,36,2,-1.2263063693621163,3,0.9738456744539009,-0.10527437459868337,-1.0184088354925307,227,3,2,0
0.1709111123915011,1,12,1,-1.2263063693621163,3,0.15763506565585728,-0.10527437459868337,-0.26609005925534845,75,2,2,1
0.22395221281470118,1,30,0,1.3078337941465337,0,-1.2027159490075487,-0.10527437459868337,1.4208624995986574,134,2,1,3
-1.0664882341530508,1,14,0,0.12523505117583034,1,1.1170405181026806,-0.10527437459868337,0.6929335788279185,229,0,0,0
0.5560981398623916,1,28,2,-0.6631641108046386,1,-0.6585755431421864,-0.10527437459868337,-1.0780176113564708,57,3,2,1
-0.7684915095615625,1,33,2,-1.5078774986408552,3,-0.7301729649665761,-0.10527437459868337,-0.8852005232236762,36,1,2,1
-0.7124149244755889,1,23,1,1.702033375136768,2,-0.6585755431421864,-0.10527437459868337,0.14439998787195787,89,1,1,3
-1.0351748134212821,0,25,0,0.7446915355890559,2,-1.0165626522641353,-0.10527437459868337,0.23452118610820066,284,0,1,2
3.5046720838701706,1,8,0,0.35049195459882143,0,-0.1573935903714578,-0.10527437459868337,0.27557431029403867,323,3,0,2
-0.24838517694792334,1,5,2,0.06892082532008256,1,-0.07147668418219007,-0.10527437459868337,-0.29693203947624236,113,2,0,3
-0.23464561479010643,0,22,1,0.969948439012047,0,-0.24331049656072556,-0.10527437459868337,2.2553827870231244,116,2,1,3
0.2578617717448947,1,2,0,-0.10002185224716076,1,-0.42946379330413903,-0.10527437459868337,-0.24470999382799186,276,2,0,2
1.655942102478102,1,4,2,-1.4515632727851073,3,-0.8304093555207219,-0.10527437459868337,-1.036387760935598,349,3,2,2
-0.9062066558410762,1,38,1,-0.7194783366603863,0,-0.9736041991695015,-0.10527437459868337,1.2060499997430898,167,0,2,3
0.6514762632137485,1,7,1,1.8709760527040113,2,-1.3745497613860844,-0.10527437459868337,0.0034161701129037238,89,3,1,3
0.08671635358720427,1,8,1,-0.32527875567015185,1,-0.9592847148046235,-0.10527437459868337,-0.9600153041952711,219,2,0,0
-1.099718803092887,1,39,0,1.195205342435038,0,0.7304144402509757,-0.10527437459868337,1.67588620632374,263,0,1,2
-0.41485754634844924,1,30,0,-0.775792562516134,1,0.601539080967074,-0.10527437459868337,1.0215387992630713,48,1,2,1
0.6448061850731804,1,35,1,-1.282620595217864,3,-0.6585755431421864,-0.10527437459868337,-0.8459805645706269,289,3,2,2
0.9677657769572141,0,42,2,1.476776471713777,2,-1.131118527183159,-0.10527437459868337,-0.24475891257114224,14,3,1,1
1.8427042904140085,1,6,2,0.2941777287430737,0,0.07171815946658952,-0.10527437459868337,2.379602923905791,316,3,0,2
-0.5039649974359188,1,22,2,1.0825768907235425,2,-1.1597574959129149,-0.10527437459868337,-0.7604113841180506,316,1,1,2
-0.8049972066901808,1,5,1,0.35049195459882143,1,0.4153857842236605,-0.10527437459868337,0.8372129750728854,204,0,0,0
0.6678119635699901,1,21,2,-1.0010494659391251,1,-1.4604666675753522,-0.10527437459868337,0.08100644609060315,35,3,2,1
-1.0864984685747552,1,16,2,0.40680618045456923,0,2.2482797829280394,-0.10527437459868337,1.5844313286689795,171,0,0,0
-0.7176870820477744,0,25,2,0.1815492770315781,0,0.1146766125612234,-0.10527437459868337,1.8942723490999687,286,1,0,2
-0.08135363932004445,1,36,1,-1.057363691794873,1,-0.6872145118719423,-0.10527437459868337,-0.6639384732843504,107,2,2,3
1.8274469859248053,0,4,1,0.1815492770315781,1,2.448752564036331,-0.10527437459868337,0.2914677524764894,146,3,0,3
-0.7710077665846511,1,22,1,-0.32527875567015185,0,0.3294688780343928,-0.10527437459868337,2.1823136327807857,77,1,0,1
2.596662763824212,1,2,0,-1.1699921435063685,3,-0.3435468871148713,-0.10527437459868337,-1.016513877863131,50,3,2,1
-0.29887007976036684,0,41,0,0.1815492770315781,1,-0.7158534806016982,-0.10527437459868337,0.6017335935716782,125,1,0,3
-0.4885878711837109,1,23,1,-1.1136779176506206,3,-0.9449652304397456,-0.10527437459868337,-0.9502238315531424,103,1,2,3
0.8156320785295261,1,1,1,0.7446915355890559,2,2.2625992672929174,-0.10527437459868337,0.2658523537605971,330,3,1,2
-0.4169743974948571,1,24,2,-1.3952490469293595,3,1.3318327835758499,-0.10527437459868337,-1.208447853948529,111,1,2,3
-0.006904383906757499,0,30,1,0.463120406310317,2,1.704139377062677,-0.10527437459868337,0.3097968331336849,229,2,0,0
-0.2800580629687048,1,8,2,0.8573199873005514,1,0.20059351875049114,-0.10527437459868337,0.7680161255514938,0,2,1,1
-0.5611599189765986,1,6,1,-0.775792562516134,1,-1.503425120669986,-0.10527437459868337,0.2881464272836559,100,1,2,3
-0.3911727778612823,1,6,2,-0.8321067883718818,1,-1.3029523395616944,-0.10527437459868337,0.9350015426302584,131,1,2,3
-1.002583293884135,1,41,0,-0.7194783366603863,0,-1.2313549177373047,-0.10527437459868337,0.608589941624791,185,0,2,0
0.16847473654374864,0,41,1,-0.8884210142276296,1,-0.7158534806016982,-0.10527437459868337,-0.7064050916801617,261,2,2,0
-0.37903083921018826,1,18,1,0.35049195459882143,2,0.257871456210003,-0.10527437459868337,-0.5300427239407,257,1,0,0
1.754595354018241,1,1,0,-0.043707626391412985,0,1.7470978301573108,-0.10527437459868337,0.48337598185496594,222,3,0,0
-0.21711169680382256,0,14,0,1.1388911165792903,0,0.4440247529534165,-0.10527437459868337,0.5819884440338172,357,2,1,2
-0.7890209716229518,1,37,0,1.3078337941465337,2,0.6874559871563417,-0.10527437459868337,-0.025659586013196393,141,1,1,3
0.6141318137441008,1,0,1,0.8010057614448036,2,-1.3459107926563285,-0.10527437459868337,0.42488461307140585,29,3,1,1
1.2578143246027562,1,40,0,0.40680618045456923,0,0.3008299093046369,-0.10527437459868337,1.211917674250429,57,3,0,1
-0.3080564149240235,0,35,1,0.40680618045456923,2,-0.1573935903714578,-0.10527437459868337,-0.1853792823988009,353,1,0,2
0.0806054436739893,0,18,1,1.5894049234252725,2,-0.5583391525880407,-0.10527437459868337,0.42692375225956414,86,2,1,3
0.27375812563678764,1,29,0,0.35049195459882143,2,0.37242733112902665,-0.10527437459868337,-0.9282541665372905,183,2,0,0
0.2658498892785092,1,26,2,1.0262626648677948,2,-0.3149079183851154,-0.10527437459868337,0.35432833742457576,337,2,1,2
-1.0416451886235099,0,4,2,-1.1136779176506206,3,0.22923248748024708,-0.10527437459868337,-1.1005279572176676,65,0,2,1
-0.46019011335171145,1,25,1,-0.2126503039586563,1,0.45834423731829443,-0.10527437459868337,0.8925555215999837,106,1,0,3
-0.9633616367940878,1,15,2,-1.282620595217864,3,1.646861439603165,-0.10527437459868337,-0.9054966522896506,108,0,2,3
0.3099043574763932,1,4,0,1.6457191492810201,2,1.0311236119134128,-0.10527437459868337,-0.3185953186797319,165,2,1,3
-0.9542152422180993,1,10,0,-0.2689645298144041,0,-0.02851823108755619,-0.10527437459868337,1.0349425348862429,64,0,0,1
-0.8938650142516418,1,36,1,0.23786350288732588,1,-0.9163262617099897,-0.10527437459868337,-0.7421440955574662,133,0,0,3
0.8837707210912576,1,30,2,0.6883773097333081,2,0.27219094057488097,-0.10527437459868337,-0.6412247284384762,287,3,1,2
-1.054506057852629,1,35,0,-1.2263063693621163,3,-0.801770386790966,-0.10527437459868337,-1.2608089318141538,174,0,2,0
-0.35015379432617183,1,5,0,-1.3389348210736118,3,-0.8447288398855999,-0.10527437459868337,0.8617727588050087,277,1,2,2
-0.08786395510994024,1,3,0,1.9836045044155068,2,-1.3172718239265724,-0.10527437459868337,0.3039780773694958,66,2,1,1
-0.18695655311442794,0,22,1,0.35049195459882143,1,-0.9020067773451117,-0.10527437459868337,1.1360472782950655,265,2,0,2
-0.1580795082304115,1,40,0,0.9136342131562992,0,0.4726637216831724,-0.10527437459868337,1.7212055598464195,243,2,1,0
0.9403665338169164,1,14,0,0.40680618045456923,0,-1.3315913082914503,-0.10527437459868337,0.0029321320227853167,43,3,0,1
-0.5030463639195532,1,3,0,0.5194346321660648,1,-0.9449652304397456,-0.10527437459868337,0.8357660101439143,138,1,1,3
-0.7680921036848818,0,32,0,-1.1136779176506206,3,0.5442611435075622,-0.10527437459868337,-0.9810967078223417,155,1,2,3
0.6676122606316499,1,38,2,0.6883773097333081,2,-0.8304093555207219,-0.10527437459868337,0.2453579750513295,258,3,1,0
-0.37196135519293944,1,16,0,1.2515195682907858,2,-0.8733678086153558,-0.10527437459868337,0.6381832065600074,245,1,1,0
2.404149131264103,0,22,2,-1.1699921435063685,3,0.257871456210003,-0.10527437459868337,-1.2832471868959712,99,3,2,3
-0.884039629685296,0,18,1,-1.1699921435063685,3,-0.45810276203389494,-0.10527437459868337,0.4987313178627639,340,0,2,2
-0.8883132725657799,0,8,0,-0.2126503039586563,1,2.2339602985631615,-0.10527437459868337,0.725361556195158,62,0,0,1
3.0769083899451153,1,2,2,-1.3952490469293595,3,0.2865104249397589,-0.10527437459868337,-0.8290932995010182,258,3,2,0
0.4649936593915184,1,5,2,-1.057363691794873,3,-0.4151443089392611,-0.10527437459868337,-0.860174724096279,29,3,2,1
-0.8722172157355466,1,24,2,-0.8321067883718818,1,-1.3315913082914503,-0.10527437459868337,-0.1374852581840027,135,0,2,3
0.951589838951645,1,8,0,-1.0010494659391251,1,-0.9020067773451117,-0.10527437459868337,1.0709853499052173,31,3,2,1
0.21899957994386018,1,9,0,0.8010057614448036,0,-0.2003520434660917,-0.10527437459868337,1.1945154750423963,53,2,1,1
-0.3969242224854847,1,25,2,-1.4515632727851073,3,0.7733728933456095,-0.10527437459868337,-1.2839191759466144,305,1,2,2
-0.833315083346844,1,34,2,0.23786350288732588,1,0.31514939366951483,-0.10527437459868337,-0.10078847680922991,4,0,0,1
-0.14893311365442297,1,1,2,-0.6631641108046386,1,-1.2599938864670606,-0.10527437459868337,0.6945839427415668,198,2,2,0
-0.4352671866468342,1,31,0,1.0825768907235425,2,1.7327783457924328,-0.10527437459868337,0.6109792360270776,286,1,1,2
0.7886322412659091,1,4,2,0.06892082532008256,1,2.362835657847063,-0.10527437459868337,0.8714123258763025,1,3,0,1
0.6964893055156661,1,6,2,-0.8884210142276296,1,-0.2289910121958476,-0.10527437459868337,1.0001819058719439,267,3,2,2
-0.13367580916521932,1,29,1,-0.32527875567015185,1,-1.088160074088525,-0.10527437459868337,-0.13727928452863314,150,2,0,3
-1.0846212609543557,1,15,1,-0.38159298152589965,1,0.6444975340617078,-0.10527437459868337,0.19305353994093138,178,0,0,0
0.6301080488113298,1,37,2,0.5757488580218125,1,-0.5869781213177966,-0.10527437459868337,-0.7740906095052792,291,3,1,2
-0.597266210228536,1,24,0,-1.3952490469293595,3,0.7304144402509757,-0.10527437459868337,-1.0461689348949583,243,1,2,0
-1.015204519587246,0,23,2,0.12523505117583034,0,-0.3721858558446272,-0.10527437459868337,1.397162655877702,178,0,0,0
1.0726098195859042,1,24,1,-1.0010494659391251,1,-1.116799042818281,-0.10527437459868337,-0.06435688651574555,201,3,2,0
-1.022913053007184,1,26,2,0.5757488580218125,1,-1.1740769802777928,-0.10527437459868337,1.1497059063167567,55,0,1,1
0.583976670054706,0,18,1,0.2941777287430737,0,-0.5440196682231627,-0.10527437459868337,0.08842149768390578,60,3,0,1
-0.5400712886878563,0,37,2,-1.5078774986408552,3,-0.14307410600657985,-0.10527437459868337,-0.9176980166996025,332,1,2,2
-0.6517052312201187,1,1,0,-1.4515632727851073,3,-0.9592847148046235,-0.10527437459868337,-0.9005095151590159,135,1,2,3
-0.005346700987702502,0,42,2,1.5330906975695247,2,-0.7444924493314541,-0.10527437459868337,0.26804339851959047,53,2,1,1
1.2515835929265366,1,42,1,-1.0010494659391251,3,-1.3745497613860844,-0.10527437459868337,-1.096235981173905,172,3,2,0
-0.4988526022144056,1,38,0,-0.15633607810290853,0,0.8163313464402434,-0.10527437459868337,1.0380604610943993,354,1,0,2
0.473101598688137,0,12,1,-0.10002185224716076,0,-0.01419874672267823,-0.10527437459868337,0.33883139452871114,114,3,0,3
1.349358151537978,1,4,2,-1.057363691794873,3,0.3008299093046369,-0.10527437459868337,-1.2603944098327227,14,3,2,1
-0.27758174653328427,0,19,2,-1.4515632727851073,3,-1.2743133708319385,-0.10527437459868337,-1.256684309365379,39,2,2,1
-0.22685720019483224,1,39,0,0.6883773097333081,2,0.4726637216831724,-0.10527437459868337,-0.853987790423117,56,2,1,1
0.016580681642069297,1,30,0,-0.6068498849488907,1,0.3294688780343928,-0.10527437459868337,-0.17314444726985134,289,2,2,2
-0.8763310962653581,0,34,1,0.7446915355890559,1,-0.3149079183851154,-0.10527437459868337,-0.37819637053159555,40,0,1,1
-0.9858881282388807,0,39,1,-0.7194783366603863,0,-0.5869781213177966,-0.10527437459868337,1.6405488510744064,75,0,2,1
3.4958452139955263,1,2,1,1.1388911165792903,2,0.8736092838997552,-0.10527437459868337,0.6326476645719514,321,3,1,2
0.7020410472015282,1,38,1,0.1815492770315781,0,-0.3149079183851154,-0.10527437459868337,0.4116070363121478,109,3,0,3
0.587731085295505,1,28,2,-1.282620595217864,3,-0.042837715452434144,-0.10527437459868337,0.09824386637434004,140,3,2,3
-0.19538401711239117,1,29,0,1.2515195682907858,0,-0.042837715452434144,-0.10527437459868337,1.1556302235793228,193,2,1,0
-0.8393461120847229,1,39,2,1.0262626648677948,0,-1.0165626522641353,-0.10527437459868337,2.3945643352976953,152,0,1,3
0.030240362624549905,1,1,2,0.463120406310317,0,-0.057157199817312106,-0.10527437459868337,1.1917193826707553,28,2,0,1
-0.6335722044188138,1,29,2,-0.6631641108046386,0,2.5346694702255985,-0.10527437459868337,-1.1227190439130414,217,1,2,0
-0.22362201259371836,1,21,0,-1.0010494659391251,3,2.2482797829280394,-0.10527437459868337,-1.0104402297004222,208,2,2,0
-0.09988607199803001,0,39,0,-1.057363691794873,3,0.7590534089807316,-0.10527437459868337,-0.9076670996831069,343,2,2,2
-0.8725766810245593,0,25,2,1.476776471713777,2,-0.057157199817312106,-0.10527437459868337,-0.8548348570808242,11,0,1,1
-0.3300636787291314,1,22,2,-0.7194783366603863,0,0.6588170184265858,-0.10527437459868337,2.4161246276735,330,1,2,2
0.6239172577227785,1,30,1,-0.38159298152589965,0,1.603902986508531,-0.10527437459868337,0.3239832686472607,165,3,0,3
-0.3956461236801064,1,28,0,0.8010057614448036,2,-0.8590483242504778,-0.10527437459868337,-1.0228758891433574,148,1,1,3
-0.27826073652364147,1,37,2,-0.6068498849488907,1,-0.3005884340202374,-0.10527437459868337,0.008709693055900565,186,2,2,0
-0.1610351117178489,1,40,2,0.23786350288732588,0,-0.057157199817312106,-0.10527437459868337,2.294399346691496,110,2,0,3
3.5637841536189176,1,27,2,-0.9447352400833774,3,-0.07147668418219007,-0.10527437459868337,0.21536563615883492,309,3,2,2
0.28082760965403636,0,6,2,-1.1136779176506206,3,2.1910018454685276,-0.10527437459868337,-0.9551852219768557,136,2,2,3
0.9600173029496079,1,29,0,-0.775792562516134,0,-1.3602302770212065,-0.10527437459868337,1.5952243482103425,103,3,2,3
-0.9628424091544029,1,40,1,0.40680618045456923,0,-0.6156170900475525,-0.10527437459868337,-1.265942825174239,226,0,0,0
-0.9217834850316244,1,37,0,-0.15633607810290853,1,-1.2170354333724267,-0.10527437459868337,-0.16525565626919855,59,0,0,1
-0.2789796671016668,1,24,0,0.463120406310317,0,-1.532064089399742,-0.10527437459868337,-0.8808132843643053,38,2,0,1
-0.3100135037197591,1,16,0,-0.10002185224716076,1,2.377155142211941,-0.10527437459868337,0.634522024835814,155,1,0,3
0.12210371426111649,0,26,2,0.969948439012047,2,-0.4151443089392611,-0.10527437459868337,-0.6365671491564329,310,2,1,2
-1.0275062205890122,1,22,0,-1.0010494659391251,3,0.3581078467641487,-0.10527437459868337,-1.2010225036724578,218,0,2,0
-0.16275255698757604,1,34,0,1.9272902785597592,2,-0.10011565291194598,-0.10527437459868337,-0.4174060305018763,8,2,1,1
-1.1063489406457871,1,4,0,-0.32527875567015185,1,0.24355197184512503,-0.10527437459868337,0.5274491947626596,214,0,0,0
-1.0505918802611582,1,31,0,-1.2263063693621163,3,-0.5440196682231627,-0.10527437459868337,-0.9043431998195811,60,0,2,1
-0.1796074849835026,0,1,1,-0.6631641108046386,1,0.48698320604805034,-0.10527437459868337,-0.2378278990679578,119,2,2,3
0.16060644077313826,1,24,2,-0.043707626391412985,1,-0.21467152783096966,-0.10527437459868337,0.29034777072541773,16,2,0,1
-0.8093906713336686,1,16,0,-0.10002185224716076,1,2.348516173482185,-0.10527437459868337,-0.42755538237020957,277,0,0,2
-0.8479732790210267,0,2,2,-0.8884210142276296,0,-0.7444924493314541,-0.10527437459868337,1.3195749545706945,183,0,2,0
-1.1058297130061023,1,18,1,-0.6068498849488907,1,0.7590534089807316,-0.10527437459868337,0.9166492899368337,226,0,2,0
0.3467295793063559,1,13,0,1.0262626648677948,0,-0.8304093555207219,-0.10527437459868337,0.7950656158428966,240,2,1,0
-0.2183099144338648,1,11,2,-0.32527875567015185,0,-0.443783277669017,-0.10527437459868337,2.4089670431494086,266,2,0,2
1.4415410278758893,1,31,1,0.1815492770315781,1,-0.7874509024260881,-0.10527437459868337,0.150826365919487,325,3,0,2
-0.1442201243095904,1,29,0,-0.775792562516134,1,-0.1573935903714578,-0.10527437459868337,-1.0013181714382446,173,2,2,0
-0.4240039409244378,1,27,2,0.35049195459882143,2,-1.102479558453403,-0.10527437459868337,0.2617225819704382,278,1,0,2
-0.9572507268808728,0,38,2,-1.0010494659391251,3,-0.14307410600657985,-0.10527437459868337,-1.2096296277962117,278,0,2,2
-1.0047001450305428,1,22,2,1.3078337941465337,2,-1.4461471832104742,-0.10527437459868337,-0.20042050858216032,17,0,1,1
2.046880574573195,1,17,0,-0.2689645298144041,0,-0.35786637147974926,-0.10527437459868337,2.2755244358475712,69,3,0,1
0.1259380106772516,0,20,1,-1.3952490469293595,3,-1.2313549177373047,9.498987800327424,-1.2298639647655751,112,2,2,3
2.1154585635992755,1,39,2,-1.1136779176506206,3,-1.5463835737646199,-0.10527437459868337,-1.2893362830828328,150,3,2,3
0.3494455392677848,1,5,2,-1.1136779176506206,3,-0.9449652304397456,-0.10527437459868337,-1.0207904058827408,56,2,2,1
0.8527368844731655,1,18,0,-1.057363691794873,1,-0.07147668418219007,-0.10527437459868337,0.9254134689728071,198,3,2,0
2.9718247037904164,1,11,1,0.9136342131562992,0,0.08603764383146749,-0.10527437459868337,0.28663509558738204,143,3,1,3
0.135643573480593,1,1,1,0.23786350288732588,0,1.1313600024675585,-0.10527437459868337,-1.2806441948262388,170,2,0,3
-0.7680122225095456,1,36,0,0.35049195459882143,2,-1.0165626522641353,-0.10527437459868337,-0.13192654415971766,36,1,0,1
0.12154454603376354,1,11,1,1.0825768907235425,0,-0.801770386790966,-0.10527437459868337,-1.0423275262223166,220,2,1,0
0.22507054926940734,1,13,2,-0.4942214332373952,1,-0.7301729649665761,-0.10527437459868337,1.0628519651888133,141,2,0,3
0.3784823465024734,1,15,1,1.195205342435038,0,-0.801770386790966,-0.10527437459868337,2.1165771406696026,351,2,1,2
0.9009851143761969,0,14,2,-1.057363691794873,3,0.31514939366951483,-0.10527437459868337,-1.2277913548584194,137,3,2,3
-0.6930037988689056,1,28,0,-0.4942214332373952,0,-1.2170354333724267,-0.10527437459868337,0.4981108222259633,330,1,0,2
-0.8303195392717386,1,19,0,-0.8321067883718818,1,0.6158585653319519,-0.10527437459868337,1.0741212988082183,128,0,2,3
-0.6666829515956458,0,36,0,0.6320630838775603,0,-0.816089871155844,-0.10527437459868337,0.9087012815102624,130,1,1,3
-0.006664740380749055,0,1,1,-0.9447352400833774,1,-1.503425120669986,-0.10527437459868337,-0.039238399243432365,115,2,2,3
-0.10192304196910167,1,23,0,0.969948439012047,0,-0.24331049656072556,-0.10527437459868337,1.7216020591330055,232,2,1,0
0.22666817277613013,1,27,1,0.8010057614448036,1,1.1599989711973144,-0.10527437459868337,0.5656083890905559,245,2,1,0
-0.8981785977197937,1,33,2,-1.0010494659391251,3,-0.45810276203389494,-0.10527437459868337,-0.5026327797524006,188,0,2,0
3.0096484403120805,1,36,0,-1.1136779176506206,3,-1.145438011548037,-0.10527437459868337,-0.8156998625606148,277,3,2,2
-0.5429869515876256,1,10,2,0.06892082532008256,1,-0.6012976056826745,-0.10527437459868337,-1.0530922243860663,317,1,0,2
-0.2620847985180722,0,6,2,0.2941777287430737,0,1.2315963930217042,-0.10527437459868337,1.8441872801261774,45,2,0,1
-0.8623918311692007,1,38,1,-0.2126503039586563,1,-1.4175082144807183,9.498987800327424,0.7165046890142683,124,0,0,3
0.12346169424183108,1,19,0,0.8573199873005514,2,-1.3745497613860844,-0.10527437459868337,-0.24699887607328577,311,2,1,2
-0.6626489522411706,1,6,1,-1.3389348210736118,3,0.8879287682646332,-0.10527437459868337,-1.0056307448475441,260,1,2,0
1.5903197169394592,1,5,0,0.9136342131562992,2,0.5729001122373181,-0.10527437459868337,-0.8282642555381557,263,3,1,2
-0.9889236129016542,1,35,0,-1.057363691794873,3,-1.1597574959129149,-0.10527437459868337,-1.042832161677972,87,0,2,3
0.097500312257584,1,40,2,1.2515195682907858,0,0.6301780496968299,-0.10527437459868337,-1.0605664934052879,47,2,1,1
0.06906261383791641,1,29,1,0.8573199873005514,2,-0.6442560587773084,-0.10527437459868337,0.5833221234523349,70,2,1,1
-0.6825393648998705,0,31,0,0.40680618045456923,1,0.6444975340617078,-0.10527437459868337,1.105344330291546,252,1,0,0
0.4161862612611338,1,39,2,-0.4942214332373952,0,-0.5726586369529186,-0.10527437459868337,0.17738151943800284,283,2,0,2
3.4566235569054795,0,15,2,-1.1136779176506206,3,-0.6872145118719423,-0.10527437459868337,-0.9297243035024906,220,3,2,0
-1.0850206668310365,1,14,1,-0.2689645298144041,1,-1.2313549177373047,-0.10527437459868337,0.08359141546549065,319,0,0,2
-0.27250929189943907,1,41,0,0.1815492770315781,0,1.2029574242919483,-0.10527437459868337,1.027509460598095,8,2,0,1
0.9765127656565218,1,41,0,0.12523505117583034,1,-1.2170354333724267,-0.10527437459868337,-0.09243367041330369,64,3,0,1
1.2423173765875442,1,5,2,-0.6631641108046386,1,0.21491300311536912,-0.10527437459868337,0.8560827365754256,239,3,2,0
-0.5218184401235472,1,0,2,-1.3952490469293595,3,2.2053213298334056,-0.10527437459868337,-0.9114904856609036,282,1,2,2
-0.8786077097624382,1,1,2,-1.0010494659391251,3,-0.5440196682231627,-0.10527437459868337,-1.0322708624988997,239,0,2,0
0.06970166324060545,1,30,2,1.8146618268482635,2,-0.2576299809256035,-0.10527437459868337,-0.7306404669050782,219,2,1,0
2.412416832911394,1,12,2,-0.775792562516134,1,-0.8590483242504778,-0.10527437459868337,-0.7265827858942987,29,3,2,1
-0.45823302455597587,1,16,1,1.0825768907235425,2,-1.4318276988455962,-0.10527437459868337,0.5136103397925198,143,1,1,3
-0.8833606396949388,1,26,1,-0.775792562516134,0,-0.6012976056826745,-0.10527437459868337,2.0998881252432873,160,0,2,3
0.9874564866775737,1,12,0,-0.32527875567015185,0,0.8020118620753655,-0.10527437459868337,0.8194606206507244,37,3,0,1
1.0307920242974322,1,36,1,-1.2263063693621163,3,-0.1287546216417019,-0.10527437459868337,-1.147822083161202,147,3,2,3
-0.8806047391458418,1,33,0,0.012606599464334787,1,0.945206705724145,-0.10527437459868337,0.738366217861051,210,0,0,0
-0.5646746906913889,1,15,1,1.476776471713777,2,1.990529064360236,-0.10527437459868337,-0.10292545348368876,219,1,1,0
-0.9195068715345444,0,42,1,-0.15633607810290853,0,0.8449703151699993,-0.10527437459868337,0.30847087772724346,197,0,0,0
-0.6121640494287269,0,0,1,0.9136342131562992,0,1.4463886584948735,-0.10527437459868337,0.48907630276731756,345,1,1,2
2.0991628038307018,1,6,0,-1.4515632727851073,3,0.8020118620753655,-0.10527437459868337,-0.8075046857475999,293,3,2,2
-0.33613464805467846,1,5,0,1.0825768907235425,2,-0.14307410600657985,-0.10527437459868337,-0.7223011085333048,50,1,1,1
1.0552356639502927,0,16,1,0.1815492770315781,1,0.601539080967074,-0.10527437459868337,0.2516144248331788,133,3,0,3
-1.0270668741246634,1,35,0,1.8146618268482635,2,-0.4724222463987729,-0.10527437459868337,-0.31941406395982586,136,0,1,3
-0.963920805021441,0,26,1,-0.2689645298144041,0,0.20059351875049114,-0.10527437459868337,1.5544235417523324,36,0,0,1
-0.016290422008754385,1,14,1,0.35049195459882143,2,0.7733728933456095,-0.10527437459868337,-0.7486528630671431,222,2,0,0
1.5422312493871,1,0,0,1.2515195682907858,2,0.40106629985878256,-0.10527437459868337,0.20270855503637777,316,3,1,2
0.26577000810317314,1,5,1,0.6883773097333081,1,-0.7015339962368202,-0.10527437459868337,-0.47150501108468146,205,2,1,0
-0.830519242210079,1,11,1,1.3641480200022813,0,2.3055577203875512,9.498987800327424,1.7925213633474246,288,0,1,2
-0.8063551866708951,1,14,0,1.8146618268482635,2,2.10508493927926,-0.10527437459868337,-0.9444179491424141,295,0,1,2
0.5484694876177897,1,23,1,-0.7194783366603863,0,-0.6442560587773084,-0.10527437459868337,0.5518158781928743,174,3,2,0
-0.7609826790799648,1,13,1,-0.6631641108046386,0,0.6731365027914638,-0.10527437459868337,0.9488687189780116,85,1,2,3
3.309322669585629,1,29,0,-0.6068498849488907,1,-1.1883964646426708,-0.10527437459868337,-0.6368838336515635,298,3,2,2
-1.0513108108391833,1,21,1,0.012606599464334787,1,-0.6585755431421864,-0.10527437459868337,0.47354331448176346,113,0,0,3
-0.8546832977492629,0,21,1,-1.2263063693621163,3,0.07171815946658952,-0.10527437459868337,-1.1116505346076218,338,0,2,2
1.3138509691010616,1,21,1,-0.8884210142276296,0,-1.102479558453403,-0.10527437459868337,1.1737430318983804,190,3,2,0
-1.089773596763537,1,3,1,-1.0010494659391251,3,0.18627403438561319,-0.10527437459868337,-0.9598942946727415,241,0,2,0
0.04669588474379577,1,24,2,1.195205342435038,2,-0.32922740274999335,-0.10527437459868337,-0.22752664162878947,109,2,1,3
0.24512072427877962,1,41,1,-1.5078774986408552,3,0.7160949558860976,-0.10527437459868337,-1.0226802141707563,9,2,2,1
-0.7172876761710936,1,34,1,1.3641480200022813,0,0.5299416591426842,-0.10527437459868337,0.7145324912641052,124,1,1,3
2.9709460108617187,1,0,0,-1.3952490469293595,3,-0.21467152783096966,-0.10527437459868337,1.1115080919284785,87,3,2,3
-0.9973510768996174,0,13,0,0.5194346321660648,2,-1.3315913082914503,-0.10527437459868337,-0.3682632910014003,173,0,1,0
0.02736464031244881,1,22,0,0.35049195459882143,2,1.002484643183657,-0.10527437459868337,-0.41977730220931797,102,2,0,3
-0.8032398208327856,1,20,1,-1.282620595217864,3,-0.7158534806016982,-0.10527437459868337,-1.144451839225218,260,0,2,0
0.22954389508823148,0,10,1,1.3641480200022813,0,2.4773915327660867,-0.10527437459868337,-1.1549667943318322,123,2,1,3
1.2269402503353362,1,10,0,1.6457191492810201,2,-0.6156170900475525,-0.10527437459868337,-0.47770739278199625,146,3,1,3
0.6185252783875889,1,19,1,-1.5078774986408552,3,0.6158585653319519,-0.10527437459868337,-1.1408730469631727,127,3,2,3
-0.5702264323772509,1,38,2,0.8010057614448036,0,0.6588170184265858,-0.10527437459868337,2.508359630547972,122,1,1,3
-0.861353375889831,1,34,0,-1.057363691794873,3,-0.4724222463987729,-0.10527437459868337,0.1533031991253055,25,0,2,1
-1.058300413681096,1,14,1,-1.1136779176506206,3,-1.3888692457509624,-0.10527437459868337,-0.8401463607822851,288,0,2,2
-0.25589400742952095,1,37,1,-1.1136779176506206,3,-0.801770386790966,-0.10527437459868337,-1.1411408127151532,100,2,2,3
-0.9681145667265885,1,8,1,-0.775792562516134,1,-0.6728950275070643,-0.10527437459868337,-0.5920716902552318,288,0,2,2
2.7245924661250482,1,24,1,1.2515195682907858,0,-1.1883964646426708,-0.10527437459868337,1.4215937060752193,94,3,1,3
0.23309860739068985,1,40,2,-1.1699921435063685,3,0.3294688780343928,-0.10527437459868337,-1.0095339456167964,296,2,2,2
0.5856941153244332,1,36,0,-0.10002185224716076,0,-0.6299365744124305,-0.10527437459868337,0.8404776575104919,138,3,0,3
-0.22565898256479014,1,21,1,-0.15633607810290853,1,-1.2599938864670606,-0.10527437459868337,-0.20902248336452997,121,2,0,3
1.7575509575056785,0,36,2,-1.282620595217864,3,0.27219094057488097,-0.10527437459868337,-1.1830847729604643,196,3,2,0
0.5144401069245921,1,15,0,-0.15633607810290853,0,-0.18603255910121375,-0.10527437459868337,1.388148733784593,305,3,0,2
0.6011511227519772,1,31,0,0.12523505117583034,1,-1.2886328551968165,-0.10527437459868337,-0.46779491061733797,206,3,0,0
0.5563777239760681,0,3,2,-1.057363691794873,3,-0.7444924493314541,-0.10527437459868337,1.1820128741614664,299,3,2,2
-1.0201571524580868,1,31,0,-0.9447352400833774,3,-1.2743133708319385,-0.10527437459868337,-1.0447245446366795,291,0,2,2
1.759068699837065,0,34,2,-0.15633607810290853,1,0.7017754715212197,-0.10527437459868337,0.8406784818244774,259,3,0,0
0.46475401586550996,1,36,0,0.5757488580218125,0,0.31514939366951483,-0.10527437459868337,1.2940058999272601,37,2,1,1
0.018338067499464476,1,10,1,-1.1136779176506206,3,2.1480433923738937,-0.10527437459868337,-1.2575828694369287,61,2,2,1
-0.1496520442324483,1,40,0,1.4204622458580292,2,-0.9879236835343794,-0.10527437459868337,-0.9352083520767042,88,2,1,3
-0.1576801023537308,1,26,1,-1.057363691794873,3,-1.47478615194023,-0.10527437459868337,0.9841468568014263,186,2,2,0
0.7268042115557333,0,18,2,1.0825768907235425,2,-0.14307410600657985,-0.10527437459868337,-1.0566066498808089,284,3,1,2
-0.3228344323612103,1,28,1,-0.2126503039586563,1,-0.77313141806121,-0.10527437459868337,0.619617256199137,187,1,0,0
0.26980400745764843,1,15,1,0.7446915355890559,2,-1.3459107926563285,-0.10527437459868337,0.6018211323752101,297,2,1,2
-0.5899171420976106,0,38,0,-1.2263063693621163,3,0.07171815946658952,-0.10527437459868337,-1.1559477438655297,28,1,2,1
-1.041605248035842,1,15,0,-1.3389348210736118,3,1.4463886584948735,-0.10527437459868337,-1.1333756059077222,126,0,2,3
-0.0011928798702231143,0,10,0,0.06892082532008256,0,1.5466250490490192,-0.10527437459868337,0.8950606761834154,213,2,0,0
-1.0556243943073353,1,5,1,0.35049195459882143,0,-1.102479558453403,-0.10527437459868337,0.2488363551563824,319,0,0,2
-0.312729463681188,1,22,0,-1.282620595217864,3,0.945206705724145,-0.10527437459868337,-1.1113158274176462,119,1,2,3
1.6263061864283923,1,13,1,-0.8884210142276296,0,-0.6156170900475525,-0.10527437459868337,0.29574170582540704,231,3,2,0
-0.9242198608793768,1,26,0,-1.057363691794873,3,-1.3745497613860844,-0.10527437459868337,-1.1754431503462552,9,0,2,1
1.9347673449889158,1,8,0,-1.4515632727851073,3,-1.3172718239265724,-0.10527437459868337,-1.2766997993259126,180,3,2,0
0.21592415469341866,1,24,0,-0.15633607810290853,1,0.043079190736833604,-0.10527437459868337,-1.098205604253376,135,2,0,3
1.2999915851802404,1,3,1,0.8573199873005514,2,0.7733728933456095,-0.10527437459868337,0.5941614870661559,273,3,1,2
-0.8515279913234851,0,16,1,0.6883773097333081,0,1.4750276272246294,-0.10527437459868337,-1.0506926313010114,196,0,1,0
-0.8784479474117659,1,18,2,-0.9447352400833774,3,-0.4724222463987729,-0.10527437459868337,-1.0840526394587977,128,0,2,3
-0.7296293177605281,0,27,0,-0.9447352400833774,3,0.3581078467641487,-0.10527437459868337,-1.1645780400255126,147,1,2,3
-0.48631125768663075,0,2,1,-1.4515632727851073,3,-0.7874509024260881,-0.10527437459868337,-1.2822327666432762,83,1,2,1
0.09614233227686941,0,10,2,0.12523505117583034,0,-0.21467152783096966,-0.10527437459868337,1.400262559391013,59,2,0,1
-0.5631968889476702,1,26,2,1.6457191492810201,2,-0.77313141806121,-0.10527437459868337,-0.18666919241555258,138,1,1,3
-1.0900931214648817,1,30,0,-1.057363691794873,3,-0.801770386790966,-0.10527437459868337,-0.9475719207402599,324,0,2,2
0.6068226862008436,1,39,2,-0.8884210142276296,1,-0.17171307473633576,-0.10527437459868337,-0.023247119574680883,133,3,2,3
-0.5542901378976901,0,2,1,0.8573199873005514,1,-0.3721858558446272,-0.10527437459868337,0.8148313627462945,162,1,1,3
-0.9757032783835222,1,42,1,-1.3389348210736118,3,-1.3029523395616944,-0.10527437459868337,-1.074691136822253,214,0,2,0
-0.8025208902547603,1,34,2,-0.8321067883718818,0,-0.5583391525880407,-0.10527437459868337,1.6669315016565498,275,0,2,2
-1.006497471475606,1,28,0,-1.4515632727851073,3,-1.3459107926563285,-0.10527437459868337,-0.8928009511068115,186,0,2,0
0.21404694707301938,1,18,0,-0.4942214332373952,1,-1.3029523395616944,-0.10527437459868337,0.3530847714802823,286,2,0,2
-0.4943393158079133,1,10,2,-0.4379072073816474,0,-1.47478615194023,-0.10527437459868337,0.13129233937837992,75,1,0,1
-0.2384799112062413,1,29,2,-1.0010494659391251,3,0.014440222007077688,-0.10527437459868337,-0.8879708688883963,287,2,2,2
-0.5816494404503196,0,10,1,0.463120406310317,1,-0.8590483242504778,-0.10527437459868337,-0.5539511159877173,40,1,0,1
2.699389955306494,1,33,2,0.8573199873005514,2,-0.5010612151285289,-0.10527437459868337,-0.4129415515217419,145,3,1,3
-0.8340739545125374,1,26,2,1.2515195682907858,2,-1.0022431678992574,-0.10527437459868337,0.40508282077831836,267,0,1,2
0.7720568973836592,1,40,1,0.6883773097333081,0,0.1146766125612234,-0.10527437459868337,1.8951245650990605,19,3,1,1
0.4314835063380057,1,24,1,-0.38159298152589965,0,2.1480433923738937,-0.10527437459868337,0.01909333995721662,348,2,0,2
-0.8091909683953283,1,31,2,-1.057363691794873,3,0.18627403438561319,-0.10527437459868337,-1.2729742508344162,236,0,2,0
0.29840146822798813,0,31,2,-1.0010494659391251,3,1.4320691741299956,-0.10527437459868337,-0.06778892254834021,290,2,2,2
-0.005786047452051353,1,39,0,-1.1136779176506206,3,-0.10011565291194598,-0.10527437459868337,-0.878578470203546,46,2,2,1
-0.7444073351977148,0,7,0,1.0262626648677948,2,-0.9020067773451117,-0.10527437459868337,-0.3125371185411759,357,1,1,2
-0.2838524187971716,1,3,0,1.6457191492810201,2,-0.9020067773451117,-0.10527437459868337,-0.3756191251687843,96,1,1,3
-0.6412807378387518,1,30,0,0.35049195459882143,1,1.3318327835758499,-0.10527437459868337,-0.1620862366471999,46,1,0,1
-0.7421706622883028,1,29,0,0.12523505117583034,0,-0.6012976056826745,-0.10527437459868337,-1.1437489541262698,93,1,0,3
0.8467058557352866,1,21,1,-0.10002185224716076,1,-1.1883964646426708,-0.10527437459868337,0.12493547743953812,358,3,0,2
0.5478703788027687,0,31,2,0.7446915355890559,0,-0.1573935903714578,-0.10527437459868337,1.9566488959579367,165,3,1,3
0.15102069973280097,1,29,1,-0.8321067883718818,1,0.34378836239927074,-0.10527437459868337,0.37615124621097656,58,2,2,1
-0.994275651649176,1,40,1,0.012606599464334787,0,2.0191680330899917,-0.10527437459868337,0.9739073914588692,209,0,0,0
0.7138634611512777,1,11,1,1.3078337941465337,0,-1.4175082144807183,-0.10527437459868337,1.7043131454354263,253,3,1,0
-0.0003940681168614841,1,18,1,-0.550535659093143,0,-1.116799042818281,-0.10527437459868337,1.80086329638989,64,2,2,1
-0.8885928566794563,1,18,2,0.40680618045456923,2,0.07171815946658952,-0.10527437459868337,-0.415670702455388,320,0,0,2
-0.9881248011482927,0,10,2,1.3078337941465337,0,-0.801770386790966,-0.10527437459868337,0.7067569857739058,232,0,1,0
-0.5761775799397937,1,19,2,-0.550535659093143,1,0.34378836239927074,-0.10527437459868337,0.9612451609950278,210,1,2,0
-1.0503522367351497,0,22,2,1.2515195682907858,2,-1.3602302770212065,-0.10527437459868337,0.7267106836378283,43,0,1,1
0.7628705622200025,1,14,2,1.3641480200022813,2,0.4726637216831724,-0.10527437459868337,-0.1029692228854548,24,3,1,1
1.217594152821007,1,40,1,0.6883773097333081,1,0.22923248748024708,-0.10527437459868337,0.566648556050172,102,3,1,3
-0.12660632514797046,1,35,1,-1.2263063693621163,3,0.1146766125612234,-0.10527437459868337,-0.8316576715103687,127,2,2,3
2.8141392636768665,0,3,2,-0.10002185224716076,0,-0.10011565291194598,-0.10527437459868337,1.0062735767294975,30,3,0,1
-0.77372372654608,1,38,0,0.12523505117583034,0,1.0454430962782908,-0.10527437459868337,2.2629471695165697,176,1,0,0
0.21528510529072964,0,28,1,0.9136342131562992,0,0.601539080967074,-0.10527437459868337,1.9318470931807539,357,2,1,2
-0.8780086009474171,0,11,2,-1.1699921435063685,3,0.8306508308051214,-0.10527437459868337,-1.1186484895488014,310,0,2,2
-0.7658154901878017,1,13,0,0.5757488580218125,1,-0.8447288398855999,-0.10527437459868337,0.6912651922194255,86,1,1,3
-0.4783231401530163,1,16,1,-0.10002185224716076,0,0.5729001122373181,-0.10527437459868337,0.6259509461017497,82,1,0,1
-0.1877953054554574,1,7,2,0.06892082532008256,1,-1.3602302770212065,-0.10527437459868337,0.8359719837992836,118,2,0,3
0.11423541849050635,1,12,0,1.5330906975695247,2,-0.443783277669017,-0.10527437459868337,-0.9434884930225589,125,2,1,3
2.657572160018023,1,4,2,-0.550535659093143,1,-1.2886328551968165,-0.10527437459868337,0.008071174724254922,286,3,2,2
-0.642998183108479,1,14,1,-1.0010494659391251,3,0.3581078467641487,-0.10527437459868337,-0.878946648112519,139,1,2,3
1.0400183000487573,0,23,2,-1.4515632727851073,3,0.8020118620753655,-0.10527437459868337,-0.8506432931940544,59,3,2,1
1.0418555670814884,0,42,1,-1.0010494659391251,1,1.9046121581709683,-0.10527437459868337,0.20547632603040572,242,3,2,0
-0.2311707836629841,1,42,2,-0.15633607810290853,1,-1.3745497613860844,-0.10527437459868337,-0.23241594127312346,195,2,0,0
-0.8615131382405031,1,24,2,0.6883773097333081,0,-1.4318276988455962,-0.10527437459868337,0.838157879216893,338,0,1,2
-0.8728962057259038,1,22,2,-1.0010494659391251,1,1.0311236119134128,-0.10527437459868337,0.5539991989397911,16,0,2,1
1.0416958047308162,1,5,0,0.969948439012047,2,0.6588170184265858,-0.10527437459868337,-0.026102429372240932,349,3,1,2
-0.40047893478794305,1,30,1,-1.1699921435063685,3,1.661180923968043,-0.10527437459868337,-0.2116769688481048,32,1,2,1
1.7671366985460157,1,37,1,-1.4515632727851073,3,1.0168041275485349,-0.10527437459868337,-1.1378632569240854,301,3,2,2
-0.4557167675328873,1,24,2,-1.057363691794873,3,1.4034302054002397,-0.10527437459868337,-0.8552287816967185,93,1,2,3
-0.13766986793202657,1,35,2,-0.15633607810290853,1,-0.3721858558446272,-0.10527437459868337,-0.11255729654290604,239,2,0,0
0.05552275461843992,0,3,2,-0.2126503039586563,1,-0.2719494652904815,-0.10527437459868337,-0.3687807998105162,193,2,0,0
-0.8818828379512201,1,29,0,-0.15633607810290853,1,0.4726637216831724,-0.10527437459868337,0.46375699118101893,147,0,0,3
-0.32559033291030726,1,33,2,-0.32527875567015185,0,0.959526190089023,-0.10527437459868337,1.7810821014623397,36,1,0,1
-0.840983676179114,0,2,1,-0.4942214332373952,0,-1.0738405897236472,-0.10527437459868337,-1.2680901005314664,274,0,0,2
-0.34516122086766277,1,17,2,-0.9447352400833774,3,-1.131118527183159,-0.10527437459868337,-1.2895808767985841,244,1,2,0
-0.6803026919904586,1,29,1,-0.38159298152589965,1,0.4726637216831724,-0.10527437459868337,0.17029602569329114,259,1,0,0
1.5117166404086924,1,29,0,0.5757488580218125,2,0.6444975340617078,9.498987800327424,-0.14675149800493906,344,3,1,2
-0.6798633455261098,0,30,2,-1.1136779176506206,3,0.8020118620753655,-0.10527437459868337,-1.2657522995430224,309,1,2,2
-0.7884218628079306,1,24,0,-0.043707626391412985,1,2.2196408141982835,9.498987800327424,1.037280335874687,171,1,0,0
0.613133299052399,1,20,1,-1.5078774986408552,3,2.4773915327660867,-0.10527437459868337,-1.0732467465639741,86,3,2,3
-0.1676652492707489,1,42,1,-1.057363691794873,3,-0.7301729649665761,-0.10527437459868337,-1.169709358714906,337,2,2,2
-0.7627400649373601,0,16,1,0.40680618045456923,2,-1.3602302770212065,-0.10527437459868337,-0.916451876084617,227,1,0,0
0.2423248831420146,1,7,0,1.4204622458580292,0,-0.057157199817312106,-0.10527437459868337,1.011500158234499,13,2,1,1
1.1974640966362986,0,38,1,-0.2689645298144041,1,-0.758811933696332,-0.10527437459868337,0.39406323021604883,139,3,0,3
-0.2555744827281763,1,29,0,0.40680618045456923,2,0.601539080967074,-0.10527437459868337,0.07478604169844336,351,2,0,2
-0.8898709554848345,1,16,1,-0.7194783366603863,0,0.6444975340617078,-0.10527437459868337,0.4817230432706255,163,0,2,3
-0.7077019351307563,1,10,1,0.6883773097333081,0,0.7017754715212197,-0.10527437459868337,0.0255377406995905,284,1,1,2
2.4228013857050925,0,40,2,0.463120406310317,2,0.14331558129097932,-0.10527437459868337,-0.7124967625377154,284,3,0,2
-0.8288417375280199,0,27,1,-1.0010494659391251,3,0.27219094057488097,-0.10527437459868337,-1.2804356465001772,158,0,2,3
1.9635645086975961,1,16,1,1.0825768907235425,2,-0.9449652304397456,-0.10527437459868337,0.45062102130982773,74,3,1,1
-0.39021420375724847,1,40,2,-1.1699921435063685,3,0.00012073764219972925,-0.10527437459868337,-1.2102784448106256,318,1,2,2
0.5934825299197075,1,17,0,-1.2263063693621163,3,-1.0308821366290133,-0.10527437459868337,-1.2168901991479872,51,3,2,1
-0.05583160380014623,1,10,0,1.0825768907235425,2,-0.9163262617099897,-0.10527437459868337,-0.6948911643450054,292,2,1,2
-0.6561785770389428,0,40,2,-0.4942214332373952,0,-1.532064089399742,-0.10527437459868337,0.4238315727583291,145,1,0,3
-1.0636125118409498,1,2,2,-0.15633607810290853,0,-1.102479558453403,-0.10527437459868337,0.7131035490299791,59,0,0,1
2.3479127838274567,1,15,1,-1.1699921435063685,3,0.601539080967074,-0.10527437459868337,1.0781506584413845,230,3,2,0
-0.5005301068964646,1,0,0,0.35049195459882143,1,-0.801770386790966,-0.10527437459868337,0.623445791518318,62,1,0,1
-0.02767348949415512,1,17,0,-1.1136779176506206,3,-0.21467152783096966,-0.10527437459868337,-1.0841479022744063,76,2,2,1
-0.12345101872219276,1,11,0,0.5194346321660648,2,-1.3745497613860844,-0.10527437459868337,-0.9470595612725281,348,2,1,2
0.23773171556018613,1,42,0,-1.282620595217864,3,-0.2719494652904815,-0.10527437459868337,-0.15698066466472788,215,2,2,0
-0.06338037486941187,0,28,2,0.2941777287430737,1,-0.32922740274999335,-0.10527437459868337,0.4185818192170983,168,2,0,3
-0.7083010439457773,0,42,2,1.5894049234252725,2,0.4726637216831724,-0.10527437459868337,-0.5334721853026025,96,1,1,3
0.4927523678208287,1,19,2,-0.7194783366603863,1,-1.3315913082914503,-0.10527437459868337,1.0119378522521594,94,3,2,3
0.5358083213270108,1,13,0,-1.057363691794873,3,0.014440222007077688,-0.10527437459868337,-1.1105434262100105,287,3,2,2
-0.29032279399939936,1,19,2,0.40680618045456923,1,-0.38650534020950517,-0.10527437459868337,1.0529240350000024,211,1,0,0
0.5761083742840959,1,38,2,0.463120406310317,1,0.3581078467641487,-0.10527437459868337,0.7538374140499944,274,3,0,2
-0.3352559551259809,1,22,0,-1.5078774986408552,3,2.377155142211941,-0.10527437459868337,-1.037124116753544,272,1,2,2
0.3982928779858375,1,6,0,-0.6068498849488907,1,-0.7874509024260881,-0.10527437459868337,-0.3339609533702984,211,2,2,0
-0.8915484601668937,0,4,1,-0.9447352400833774,1,-1.4604666675753522,-0.10527437459868337,-1.0733960774641171,36,0,2,1
-1.0353345757719543,1,21,0,0.6883773097333081,2,-0.758811933696332,-0.10527437459868337,0.35127992732510677,18,0,1,1
0.5244252538416102,0,13,2,0.1815492770315781,1,0.5729001122373181,-0.10527437459868337,-0.6723730944717323,45,3,0,1
-0.46019011335171145,1,3,1,1.0825768907235425,0,1.4607081428597515,-0.10527437459868337,1.1505606969865403,311,1,1,2
-0.44736918471026016,1,4,0,0.23786350288732588,0,-1.3029523395616944,-0.10527437459868337,0.5758736011400345,229,1,0,0
-0.039296200505564066,1,0,0,-1.3389348210736118,3,0.5729001122373181,9.498987800327424,-1.1066222027459134,189,2,2,0
2.3148819178259608,1,27,1,-0.4942214332373952,1,0.4440247529534165,-0.10527437459868337,0.8933382214903881,209,3,0,0
0.6253950594664972,1,0,2,1.1388911165792903,0,-1.1740769802777928,-0.10527437459868337,1.0049270239575192,81,3,1,1
-0.024358420717704943,0,21,0,0.012606599464334787,0,-0.45810276203389494,-0.10527437459868337,0.45135222778638956,29,2,0,1
0.12126496192008705,0,11,2,1.702033375136768,2,0.6158585653319519,-0.10527437459868337,-0.787110719195325,339,2,1,2
0.28298440138811237,1,12,0,-1.3389348210736118,3,0.8879287682646332,-0.10527437459868337,-0.8295927856152892,282,2,2,2
-0.9354831066017734,1,10,1,-1.1136779176506206,3,-0.24331049656072556,-0.10527437459868337,0.47243363141346,61,0,2,1
1.1201790594985783,0,31,1,-1.057363691794873,3,-0.24331049656072556,-0.10527437459868337,-0.9836507811489238,289,3,2,2
0.19283849502127293,1,9,0,1.3641480200022813,0,-0.443783277669017,-0.10527437459868337,2.231500141683028,265,2,1,2
-0.16570816047501333,0,22,2,0.463120406310317,1,0.7160949558860976,-0.10527437459868337,-0.25469199210133747,150,2,0,3
1.3029471886676778,1,0,2,-0.043707626391412985,0,-1.3315913082914503,-0.10527437459868337,1.3922527588678304,105,3,0,3
-0.028232657721508077,1,40,0,-0.775792562516134,1,-1.102479558453403,-0.10527437459868337,0.07852703821409249,264,2,2,2
-0.6148400688024879,1,34,2,0.8010057614448036,0,-1.131118527183159,-0.10527437459868337,2.1710751952096863,269,1,1,2
1.1974241560486305,1,41,0,-0.32527875567015185,1,-0.7158534806016982,-0.10527437459868337,0.04014127286528974,266,3,0,2
-0.7392150588008654,1,30,1,0.8573199873005514,1,-0.3721858558446272,-0.10527437459868337,0.4705232257599077,163,1,1,3
2.312126017276864,0,7,1,-0.6631641108046386,0,-0.14307410600657985,-0.10527437459868337,1.9518110897274452,305,3,2,2
-0.10296149724847163,1,40,1,0.1815492770315781,0,0.8306508308051214,-0.10527437459868337,-1.2500596816745568,318,2,0,2
-0.9932771369574741,1,36,1,0.6320630838775603,2,0.3867468154939046,-0.10527437459868337,-0.4446614944486485,136,0,1,3
-0.3648519305880225,1,10,2,-1.2263063693621163,3,-1.4318276988455962,-0.10527437459868337,-0.8581536076029657,358,1,2,2
-0.1367512344156608,0,17,2,-1.1699921435063685,3,-0.3721858558446272,-0.10527437459868337,-1.281856864722227,86,2,2,3
